participant.id_in_session,participant.code,participant.label,participant._is_bot,participant._index_in_pages,participant._max_page_index,participant._current_app_name,participant._current_page_name,participant.time_started_utc,participant.visited,participant.mturk_worker_id,participant.mturk_assignment_id,participant.payoff,participant.wealth,participant.comprehension_check,participant.comprehension_check1,participant.comprehension_check2,participant.manipulation_check,participant.human_check,participant.feedback,participant.part_id,session.code,session.label,session.mturk_HITId,session.mturk_HITGroupId,session.comment,session.is_demo,session.config.participation_fee,session.config.name,session.config.real_world_currency_per_point,mftrust.1.player.id_in_group,mftrust.1.player.role,mftrust.1.player.payoff,mftrust.1.player.wealth,mftrust.1.player.comprehension_check,mftrust.1.player.manipulation_check,mftrust.1.player.altruism,mftrust.1.player.trust,mftrust.1.player.reciprocity,mftrust.1.player.negative_reciprocity,mftrust.1.player.human_check,mftrust.1.player.feedback,mftrust.1.group.id_in_subsession,mftrust.1.group.message,mftrust.1.group.sent_amount,mftrust.1.group.sent_back_amount,mftrust.1.subsession.round_number,mftrust.2.player.id_in_group,mftrust.2.player.role,mftrust.2.player.payoff,mftrust.2.player.wealth,mftrust.2.player.comprehension_check,mftrust.2.player.manipulation_check,mftrust.2.player.altruism,mftrust.2.player.trust,mftrust.2.player.reciprocity,mftrust.2.player.negative_reciprocity,mftrust.2.player.human_check,mftrust.2.player.feedback,mftrust.2.group.id_in_subsession,mftrust.2.group.message,mftrust.2.group.sent_amount,mftrust.2.group.sent_back_amount,mftrust.2.subsession.round_number,mftrust.3.player.id_in_group,mftrust.3.player.role,mftrust.3.player.payoff,mftrust.3.player.wealth,mftrust.3.player.comprehension_check,mftrust.3.player.manipulation_check,mftrust.3.player.altruism,mftrust.3.player.trust,mftrust.3.player.reciprocity,mftrust.3.player.negative_reciprocity,mftrust.3.player.human_check,mftrust.3.player.feedback,mftrust.3.group.id_in_subsession,mftrust.3.group.message,mftrust.3.group.sent_amount,mftrust.3.group.sent_back_amount,mftrust.3.subsession.round_number
1,nemgrz91,,0,30,30,mftrust,Thanks,2024-05-10 16:33:39.648085,1,,,390.0,390.0,,,,,,,Ifzg S50O,2e78n6pa,,,,,0,0.0,mftrust,1.0,1,,125.0,0.0,,,,,,,,,1,,50.0,75.0,1,1,,130.0,0.0,,,,,,,,,1,,60.0,90.0,2,1,,135.0,0.0,3,1,2,3,2,4,1,"No specific feedback, but I enjoyed the experiment. It was engaging and thought-provoking.",1,,70.0,105.0,3
2,nijhoe6x,,0,30,30,mftrust,Thanks,2024-05-10 16:33:43.918206,1,,,270.0,270.0,,,,,,,Ud7g M9JI,2e78n6pa,,,,,0,0.0,mftrust,1.0,2,,75.0,0.0,,,,,,,,,1,,50.0,75.0,1,2,,90.0,0.0,,,,,,,,,1,,60.0,90.0,2,2,,105.0,0.0,3,2,2,3,1,4,1,The experiment provides insightful analysis into the dynamics of trust and decision making.,1,,70.0,105.0,3
3,l9kdu6cx,,0,30,30,mftrust,Thanks,2024-05-10 16:33:38.602454,1,,,421.0,421.0,,,,,,,qPGY nreh,2e78n6pa,,,,,0,0.0,mftrust,1.0,1,,138.0,0.0,,,,,,,,,2,I'm committed to making the most of our investment. Let's aim for a win-win outcome.,75.0,113.0,1,1,,140.0,0.0,,,,,,,,,2,,80.0,120.0,2,1,,143.0,0.0,3,1,2,3,2,4,1,The experiment was well-organized and provided insightful perspectives on decision-making in a simulated investment-manager scenario. It was intriguing to observe how investments and returns fluctuated and how these dynamics simulate real-world financial decisions. A suggestion would be to offer more background on the managerial decision-making process for a fuller understanding of the results.,2,,85.0,128.0,3
4,7i9xua94,,0,30,30,mftrust,Thanks,2024-05-10 16:33:38.637945,1,,,359.0,359.0,,,,,,,qmGT h0Q9,2e78n6pa,,,,,0,0.0,mftrust,1.0,2,,112.0,0.0,,,,,,,,,2,I'm committed to making the most of our investment. Let's aim for a win-win outcome.,75.0,113.0,1,2,,120.0,0.0,,,,,,,,,2,,80.0,120.0,2,2,,127.0,0.0,3,2,2,3,1,4,1,The experiment provided valuable insights into decision-making and trust. It would be interesting to see how different investment strategies affect the outcomes.,2,,85.0,128.0,3
5,9yfo0ln5,,0,30,30,mftrust,Thanks,2024-05-10 16:33:39.205528,1,,,422.0,422.0,,,,,,,2HfV 30iz,2e78n6pa,,,,,0,0.0,mftrust,1.0,1,,137.0,0.0,,,,,,,,,3,"I'm committed to ensuring we both benefit fairly from our interaction. Trust is key, and I plan to return a significant portion of the tripled investment to you. Let's collaborate for mutual success!",75.0,112.0,1,1,,140.0,0.0,,,,,,,,,3,,80.0,120.0,2,1,,145.0,0.0,3,1,1,3,2,4,1,The experiment was engaging and offered interesting insights into decision-making in economic games. It would be great to see more detailed feedback on the impact of our choices.,3,,90.0,135.0,3
6,zezs4zs2,,0,30,30,mftrust,Thanks,2024-05-10 16:33:39.421384,1,,,368.0,368.0,,,,,,,Emio zEIh,2e78n6pa,,,,,0,0.0,mftrust,1.0,2,,113.0,0.0,,,,,,,,,3,"I'm committed to ensuring we both benefit fairly from our interaction. Trust is key, and I plan to return a significant portion of the tripled investment to you. Let's collaborate for mutual success!",75.0,112.0,1,2,,120.0,0.0,,,,,,,,,3,,80.0,120.0,2,2,,135.0,0.0,3,1,3,2,2,4,1,The experiment was engaging and offered interesting insights into decision-making and trust dynamics between investors and managers.,3,,90.0,135.0,3
7,mqkxoj6w,,0,30,30,mftrust,Thanks,2024-05-10 16:33:38.885061,1,,,422.0,422.0,,,,,,,nDA7 qWcC,2e78n6pa,,,,,0,0.0,mftrust,1.0,1,,137.0,0.0,,,,,,,,,4,I intend to operate in good faith and aim for a win-win outcome for both of us. Let's collaborate effectively.,75.0,112.0,1,1,,140.0,0.0,,,,,,,,,4,,80.0,120.0,2,1,,145.0,0.0,3,1,2,2,1,4,1,This was a fascinating experiment. It was interesting to see how trust and cooperation could evolve through the rounds. Perhaps more rounds or varying the multiplier might provide even deeper insights into decision-making and trust between strangers.,4,,90.0,135.0,3
8,uhxqt985,,0,30,30,mftrust,Thanks,2024-05-10 16:33:39.160320,1,,,368.0,368.0,,,,,,,Bbd4 yMjv,2e78n6pa,,,,,0,0.0,mftrust,1.0,2,,113.0,0.0,,,,,,,,,4,I intend to operate in good faith and aim for a win-win outcome for both of us. Let's collaborate effectively.,75.0,112.0,1,2,,120.0,0.0,,,,,,,,,4,,80.0,120.0,2,2,,135.0,0.0,3,2,2,3,2,4,1,No specific feedback.,4,,90.0,135.0,3
9,ferrimtf,,0,30,30,mftrust,Thanks,2024-05-10 16:33:36.238204,1,,,424.0,424.0,,,,,,,wP6I wyeJ,2e78n6pa,,,,,0,0.0,mftrust,1.0,1,,137.0,0.0,,,,,,,,,5,Let's maximize our potential winnings by working together efficiently. I aim to ensure a fair division of points.,75.0,112.0,1,1,,142.0,0.0,,,,,,,,,5,,85.0,127.0,2,1,,145.0,0.0,3,1,1,2,2,3,1,"No specific feedback, but enjoyed the process and found the experiment insightful in understanding decision-making and trust.",5,,90.0,135.0,3
10,y8i05fpq,,0,30,30,mftrust,Thanks,2024-05-10 16:33:46.198282,1,,,376.0,376.0,,,,,,,nkuQ Hg4w,2e78n6pa,,,,,0,0.0,mftrust,1.0,2,,113.0,0.0,,,,,,,,,5,Let's maximize our potential winnings by working together efficiently. I aim to ensure a fair division of points.,75.0,112.0,1,2,,128.0,0.0,,,,,,,,,5,,85.0,127.0,2,2,,135.0,0.0,3,2,2,3,1,4,1,The experiment was a fascinating exploration of trust and reciprocity in economic decisions.,5,,90.0,135.0,3
11,1lz5d6b9,,0,30,30,mftrust,Thanks,2024-05-10 16:33:39.371078,1,,,427.0,427.0,,,,,,,8xSn 9cPc,2e78n6pa,,,,,0,0.0,mftrust,1.0,1,,135.0,0.0,,,,,,,,,6,"I aim to ensure we both benefit from this partnership. Relying on a strategy of fairness, I plan to return a significant portion of the tripled investment back to you as dividends. Looking forward to a successful collaboration.",70.0,105.0,1,1,,145.0,0.0,,,,,,,,,6,,90.0,135.0,2,1,,147.0,0.0,3,1,2,3,1,4,1,"No specific feedback, thank you for the insightful experiment.",6,,95.0,142.0,3
12,u043jvg9,,0,30,30,mftrust,Thanks,2024-05-10 16:33:38.263711,1,,,383.0,383.0,,,,,,,lrjV 4bB3,2e78n6pa,,,,,0,0.0,mftrust,1.0,2,,105.0,0.0,,,,,,,,,6,"I aim to ensure we both benefit from this partnership. Relying on a strategy of fairness, I plan to return a significant portion of the tripled investment back to you as dividends. Looking forward to a successful collaboration.",70.0,105.0,1,2,,135.0,0.0,,,,,,,,,6,,90.0,135.0,2,2,,143.0,0.0,3,2,2,3,1,4,1,No feedback,6,,95.0,142.0,3
13,x0yms2rj,,0,30,30,mftrust,Thanks,2024-05-10 16:33:39.698675,1,,,390.0,390.0,,,,,,,6SAe ttPe,2e78n6pa,,,,,0,0.0,mftrust,1.0,1,,125.0,0.0,,,,,,,,,7,,50.0,75.0,1,1,,130.0,0.0,,,,,,,,,7,,60.0,90.0,2,1,,135.0,0.0,3,1,2,3,2,3,1,"The experiment was intriguing and well-organized, providing valuable insights into decision-making and trust. It would be interesting to see further variations in the roles or conditions to explore different aspects of investor-manager dynamics.",7,,70.0,105.0,3
14,l9hd6ogl,,0,30,30,mftrust,Thanks,2024-05-10 16:33:46.771138,1,,,270.0,270.0,,,,,,,X3Vr G3bm,2e78n6pa,,,,,0,0.0,mftrust,1.0,2,,75.0,0.0,,,,,,,,,7,,50.0,75.0,1,2,,90.0,0.0,,,,,,,,,7,,60.0,90.0,2,2,,105.0,0.0,3,2,2,3,1,4,1,"The experiment was thought-provoking, especially in understanding decision-making in economic transactions. More clarity on the dynamics and consequences of choices could enhance the experience.",7,,70.0,105.0,3
15,y732wwk4,,0,30,30,mftrust,Thanks,2024-05-10 16:33:47.332608,1,,,420.0,420.0,,,,,,,UwpS aBVJ,2e78n6pa,,,,,0,0.0,mftrust,1.0,1,,135.0,0.0,,,,,,,,,8,Let's work together strategically to maximize our points!,70.0,105.0,1,1,,140.0,0.0,,,,,,,,,8,,80.0,120.0,2,1,,145.0,0.0,3,1,3,3,2,4,1,"No specific feedback, but enjoyed participating.",8,,90.0,135.0,3
16,su4v4woj,,0,30,30,mftrust,Thanks,2024-05-10 16:33:41.891107,1,,,360.0,360.0,,,,,,,2rT4 LFeP,2e78n6pa,,,,,0,0.0,mftrust,1.0,2,,105.0,0.0,,,,,,,,,8,Let's work together strategically to maximize our points!,70.0,105.0,1,2,,120.0,0.0,,,,,,,,,8,,80.0,120.0,2,2,,135.0,0.0,3,2,1,2,1,4,1,,8,,90.0,135.0,3
17,jtxf0xt5,,0,30,30,mftrust,Thanks,2024-05-10 16:33:38.862144,1,,,424.0,424.0,,,,,,,bBji Akuw,2e78n6pa,,,,,0,0.0,mftrust,1.0,1,,137.0,0.0,,,,,,,,,9,Looking forward to a fruitful collaboration!,75.0,112.0,1,1,,142.0,0.0,,,,,,,,,9,,85.0,127.0,2,1,,145.0,0.0,3,1,3,3,2,4,1,The experiment was engaging and offered insightful perspectives on investment behavior and decision-making processes.,9,,90.0,135.0,3
18,shdfmiuo,,0,30,30,mftrust,Thanks,2024-05-10 16:33:41.049211,1,,,376.0,376.0,,,,,,,5bQy MYwm,2e78n6pa,,,,,0,0.0,mftrust,1.0,2,,113.0,0.0,,,,,,,,,9,Looking forward to a fruitful collaboration!,75.0,112.0,1,2,,128.0,0.0,,,,,,,,,9,,85.0,127.0,2,2,,135.0,0.0,3,2,1,3,2,4,1,"No specific feedback, but overall, the experiment was engaging and thought-provoking.",9,,90.0,135.0,3
19,17esme0y,,0,30,30,mftrust,Thanks,2024-05-10 16:33:49.685876,1,,,419.0,419.0,,,,,,,IdA8 Ht1o,2e78n6pa,,,,,0,0.0,mftrust,1.0,1,,137.0,0.0,,,,,,,,,10,Looking forward to a successful partnership. Let's work together to maximize our gains.,75.0,112.0,1,1,,140.0,0.0,,,,,,,,,10,,80.0,120.0,2,1,,142.0,0.0,3,1,2,3,2,4,1,The experiment was engaging and provided interesting insights into decision-making dynamics between investors and managers. It would be beneficial to see more background on how decisions impact the outcomes more explicitly.,10,,85.0,127.0,3
20,k5yiquq1,,0,30,30,mftrust,Thanks,2024-05-10 16:33:46.039337,1,,,361.0,361.0,,,,,,,lP7C LhEP,2e78n6pa,,,,,0,0.0,mftrust,1.0,2,,113.0,0.0,,,,,,,,,10,Looking forward to a successful partnership. Let's work together to maximize our gains.,75.0,112.0,1,2,,120.0,0.0,,,,,,,,,10,,80.0,120.0,2,2,,128.0,0.0,3,2,2,3,2,4,1,The experiment was engaging and provided insightful reflections on decision-making in economic transactions. It would be interesting to see a broader range of strategies from both roles.,10,,85.0,127.0,3
21,oen7gnbc,,0,30,30,mftrust,Thanks,2024-05-10 16:33:45.747059,1,,,420.0,420.0,,,,,,,4IrF s3th,2e78n6pa,,,,,0,0.0,mftrust,1.0,1,,135.0,0.0,,,,,,,,,11,I aim to establish a fair and profitable partnership where both of us can benefit. Let's aim for a win-win scenario.,70.0,105.0,1,1,,140.0,0.0,,,,,,,,,11,,80.0,120.0,2,1,,145.0,0.0,3,1,2,3,1,4,1,The experiment was engaging and offered insightful reflections on investment behavior and trust dynamics. More clarity on the manager's decision-making process could enhance understanding.,11,,90.0,135.0,3
22,ri319n43,,0,30,30,mftrust,Thanks,2024-05-10 16:33:37.928219,1,,,360.0,360.0,,,,,,,LWy7 iTLT,2e78n6pa,,,,,0,0.0,mftrust,1.0,2,,105.0,0.0,,,,,,,,,11,I aim to establish a fair and profitable partnership where both of us can benefit. Let's aim for a win-win scenario.,70.0,105.0,1,2,,120.0,0.0,,,,,,,,,11,,80.0,120.0,2,2,,135.0,0.0,3,2,2,3,1,4,2,The experiment was insightful and demonstrated the importance of trust and reciprocity in decision-making processes.,11,,90.0,135.0,3
23,945v84hg,,0,30,30,mftrust,Thanks,2024-05-10 16:33:46.074259,1,,,422.0,422.0,,,,,,,X4p5 LSpl,2e78n6pa,,,,,0,0.0,mftrust,1.0,1,,137.0,0.0,,,,,,,,,12,I am committed to making the most out of our shared resources and achieving the best possible outcome for both of us.,75.0,112.0,1,1,,140.0,0.0,,,,,,,,,12,,80.0,120.0,2,1,,145.0,0.0,3,1,2,3,1,4,1,The experiment was engaging and offered insights into decision-making in economic scenarios. It would be interesting to see further analysis on how different strategies impact the outcomes for both roles.,12,,90.0,135.0,3
24,iiohej7t,,0,30,30,mftrust,Thanks,2024-05-10 16:33:45.020643,1,,,368.0,368.0,,,,,,,euhB dTGG,2e78n6pa,,,,,0,0.0,mftrust,1.0,2,,113.0,0.0,,,,,,,,,12,I am committed to making the most out of our shared resources and achieving the best possible outcome for both of us.,75.0,112.0,1,2,,120.0,0.0,,,,,,,,,12,,80.0,120.0,2,2,,135.0,0.0,3,2,2,3,1,4,1,The experiment was engaging and provided insights into decision-making and trust-building in economic transactions.,12,,90.0,135.0,3
25,2pw5p5vr,,0,30,30,mftrust,Thanks,2024-05-10 16:33:45.735797,1,,,390.0,390.0,,,,,,,8Reb on8F,2e78n6pa,,,,,0,0.0,mftrust,1.0,1,,125.0,0.0,,,,,,,,,13,,50.0,75.0,1,1,,130.0,0.0,,,,,,,,,13,,60.0,90.0,2,1,,135.0,0.0,3,1,2,3,2,4,1,The experiment was engaging and provided insight into decision-making strategies in an investment scenario. It would be interesting to see the results and understand more about the behaviors of other participants.,13,,70.0,105.0,3
26,56r0s3cs,,0,30,30,mftrust,Thanks,2024-05-10 16:33:46.684633,1,,,270.0,270.0,,,,,,,nHS2 gxfW,2e78n6pa,,,,,0,0.0,mftrust,1.0,2,,75.0,0.0,,,,,,,,,13,,50.0,75.0,1,2,,90.0,0.0,,,,,,,,,13,,60.0,90.0,2,2,,105.0,0.0,3,2,2,3,2,4,1,The experiment was intriguing and provided insightful reflections on investment behaviors and returns strategies. Perhaps more variability in the roles or scenarios could offer deeper insights into decision-making processes.,13,,70.0,105.0,3
27,ng43blbp,,0,30,30,mftrust,Thanks,2024-05-10 16:33:38.721814,1,,,419.0,419.0,,,,,,,rAWr 0O2z,2e78n6pa,,,,,0,0.0,mftrust,1.0,1,,137.0,0.0,,,,,,,,,14,I look forward to managing our shared resources wisely and aim to ensure a fair return on your investment.,75.0,112.0,1,1,,140.0,0.0,,,,,,,,,14,,80.0,120.0,2,1,,142.0,0.0,3,1,2,3,2,3,1,The experiment was engaging and provided interesting insights into decision-making and trust dynamics in financial interactions.,14,,85.0,127.0,3
28,2qojyij0,,0,30,30,mftrust,Thanks,2024-05-10 16:33:45.086653,1,,,361.0,361.0,,,,,,,USIj 8UFO,2e78n6pa,,,,,0,0.0,mftrust,1.0,2,,113.0,0.0,,,,,,,,,14,I look forward to managing our shared resources wisely and aim to ensure a fair return on your investment.,75.0,112.0,1,2,,120.0,0.0,,,,,,,,,14,,80.0,120.0,2,2,,128.0,0.0,3,2,2,3,1,4,1,The experiment was engaging and provided insightful perspectives on decision-making and trust between anonymous online participants.,14,,85.0,127.0,3
29,j41oso07,,0,30,30,mftrust,Thanks,2024-05-10 16:33:39.521719,1,,,390.0,390.0,,,,,,,nfDJ VnuD,2e78n6pa,,,,,0,0.0,mftrust,1.0,1,,125.0,0.0,,,,,,,,,15,,50.0,75.0,1,1,,130.0,0.0,,,,,,,,,15,,60.0,90.0,2,1,,135.0,0.0,3,1,3,3,2,4,1,,15,,70.0,105.0,3
30,azyxgnf2,,0,30,30,mftrust,Thanks,2024-05-10 16:33:40.045648,1,,,270.0,270.0,,,,,,,6f0q dEPn,2e78n6pa,,,,,0,0.0,mftrust,1.0,2,,75.0,0.0,,,,,,,,,15,,50.0,75.0,1,2,,90.0,0.0,,,,,,,,,15,,60.0,90.0,2,2,,105.0,0.0,3,2,2,3,2,4,1,"The experiment was engaging, and it provided insight into decision-making and trust-building in a simulated economic setting. A clearer explanation of the point system's impact on the final prize would enhance understanding.",15,,70.0,105.0,3
31,c5puqeub,,0,30,30,mftrust,Thanks,2024-05-10 16:33:42.483930,1,,,423.0,423.0,,,,,,,GOeF qh6l,2e78n6pa,,,,,0,0.0,mftrust,1.0,1,,138.0,0.0,,,,,,,,,16,Let's work together to maximize our points!,75.0,113.0,1,1,,140.0,0.0,,,,,,,,,16,,80.0,120.0,2,1,,145.0,0.0,3,1,2,3,2,4,1,The experiment was engaging and thought-provoking. I appreciated the strategic element involved in deciding how much to invest and interpreting the manager's actions.,16,,90.0,135.0,3
32,tybieaji,,0,30,30,mftrust,Thanks,2024-05-10 16:33:45.716837,1,,,367.0,367.0,,,,,,,BVG6 74dk,2e78n6pa,,,,,0,0.0,mftrust,1.0,2,,112.0,0.0,,,,,,,,,16,Let's work together to maximize our points!,75.0,113.0,1,2,,120.0,0.0,,,,,,,,,16,,80.0,120.0,2,2,,135.0,0.0,3,2,2,3,1,4,1,The experiment was an interesting exploration of decision-making and trust. It would be helpful to understand more about the strategies employed by others in similar roles.,16,,90.0,135.0,3
33,m8pv5qau,,0,30,30,mftrust,Thanks,2024-05-10 16:33:46.917565,1,,,420.0,420.0,,,,,,,tmCa ApMu,2e78n6pa,,,,,0,0.0,mftrust,1.0,1,,138.0,0.0,,,,,,,,,17,Let's work together to maximize our gains. I'm committed to a fair distribution of dividends based on your investments.,75.0,113.0,1,1,,140.0,0.0,,,,,,,,,17,,80.0,120.0,2,1,,142.0,0.0,3,1,3,2,2,3,1,The experiment was a fascinating study of trust and decision-making in an economic context. It would be interesting to see if the results vary with a larger sample size or different multipliers.,17,,85.0,127.0,3
34,vtaaxxti,,0,30,30,mftrust,Thanks,2024-05-10 16:33:45.009364,1,,,360.0,360.0,,,,,,,JlF5 6wLK,2e78n6pa,,,,,0,0.0,mftrust,1.0,2,,112.0,0.0,,,,,,,,,17,Let's work together to maximize our gains. I'm committed to a fair distribution of dividends based on your investments.,75.0,113.0,1,2,,120.0,0.0,,,,,,,,,17,,80.0,120.0,2,2,,128.0,0.0,3,2,2,3,1,4,1,"The experiment provided interesting insights into decision-making, but a clearer understanding of the implications of each decision would be beneficial.",17,,85.0,127.0,3
35,mfh2m0z4,,0,30,30,mftrust,Thanks,2024-05-10 16:33:45.994825,1,,,424.0,424.0,,,,,,,6BJx l37X,2e78n6pa,,,,,0,0.0,mftrust,1.0,1,,137.0,0.0,,,,,,,,,18,"I aim to make decisions that benefit both of us, maximizing our points.",75.0,112.0,1,1,,142.0,0.0,,,,,,,,,18,,85.0,127.0,2,1,,145.0,0.0,3,1,2,3,2,4,1,This was an engaging experience that provided insight into decision-making processes in economic settings. It would be interesting to see the breakdown of strategies used by different pairs.,18,,90.0,135.0,3
36,sme8ued6,,0,30,30,mftrust,Thanks,2024-05-10 16:33:39.565659,1,,,376.0,376.0,,,,,,,8Azc RrUf,2e78n6pa,,,,,0,0.0,mftrust,1.0,2,,113.0,0.0,,,,,,,,,18,"I aim to make decisions that benefit both of us, maximizing our points.",75.0,112.0,1,2,,128.0,0.0,,,,,,,,,18,,85.0,127.0,2,2,,135.0,0.0,3,2,2,3,2,4,1,The experiment was engaging and provided valuable insights into decision-making processes involving trust and reciprocity.,18,,90.0,135.0,3
37,0i7twqt4,,0,0,30,,,,0,,,0.0,0.0,,,,,,,Gl5o iRZa,2e78n6pa,,,,,0,0.0,mftrust,1.0,1,,0.0,0.0,,,,,,,,,19,,,,1,1,,0.0,0.0,,,,,,,,,19,,,,2,1,,0.0,0.0,,,,,,,,,19,,,,3
38,kf2qoh7l,,0,0,30,,,,0,,,0.0,0.0,,,,,,,WNre VJaf,2e78n6pa,,,,,0,0.0,mftrust,1.0,2,,0.0,0.0,,,,,,,,,19,,,,1,2,,0.0,0.0,,,,,,,,,19,,,,2,2,,0.0,0.0,,,,,,,,,19,,,,3
39,wqfnycap,,0,0,30,,,,0,,,0.0,0.0,,,,,,,9VSm 4G6h,2e78n6pa,,,,,0,0.0,mftrust,1.0,1,,0.0,0.0,,,,,,,,,20,,,,1,1,,0.0,0.0,,,,,,,,,20,,,,2,1,,0.0,0.0,,,,,,,,,20,,,,3
40,azacksqp,,0,0,30,,,,0,,,0.0,0.0,,,,,,,1YAR KHwZ,2e78n6pa,,,,,0,0.0,mftrust,1.0,2,,0.0,0.0,,,,,,,,,20,,,,1,2,,0.0,0.0,,,,,,,,,20,,,,2,2,,0.0,0.0,,,,,,,,,20,,,,3
41,mivxczwm,,0,0,30,,,,0,,,0.0,0.0,,,,,,,QQmf kql0,2e78n6pa,,,,,0,0.0,mftrust,1.0,1,,0.0,0.0,,,,,,,,,21,,,,1,1,,0.0,0.0,,,,,,,,,21,,,,2,1,,0.0,0.0,,,,,,,,,21,,,,3
42,iwz6v2yd,,0,0,30,,,,0,,,0.0,0.0,,,,,,,lIDJ 4RIC,2e78n6pa,,,,,0,0.0,mftrust,1.0,2,,0.0,0.0,,,,,,,,,21,,,,1,2,,0.0,0.0,,,,,,,,,21,,,,2,2,,0.0,0.0,,,,,,,,,21,,,,3
43,c8qdb5ho,,0,0,30,,,,0,,,0.0,0.0,,,,,,,CLxm bWG4,2e78n6pa,,,,,0,0.0,mftrust,1.0,1,,0.0,0.0,,,,,,,,,22,,,,1,1,,0.0,0.0,,,,,,,,,22,,,,2,1,,0.0,0.0,,,,,,,,,22,,,,3
44,d5t6nty5,,0,0,30,,,,0,,,0.0,0.0,,,,,,,Z8gf uf9P,2e78n6pa,,,,,0,0.0,mftrust,1.0,2,,0.0,0.0,,,,,,,,,22,,,,1,2,,0.0,0.0,,,,,,,,,22,,,,2,2,,0.0,0.0,,,,,,,,,22,,,,3
45,jasd5vk6,,0,0,30,,,,0,,,0.0,0.0,,,,,,,q4QE W45c,2e78n6pa,,,,,0,0.0,mftrust,1.0,1,,0.0,0.0,,,,,,,,,23,,,,1,1,,0.0,0.0,,,,,,,,,23,,,,2,1,,0.0,0.0,,,,,,,,,23,,,,3
46,oj2wfs4y,,0,0,30,,,,0,,,0.0,0.0,,,,,,,hS2B XR0g,2e78n6pa,,,,,0,0.0,mftrust,1.0,2,,0.0,0.0,,,,,,,,,23,,,,1,2,,0.0,0.0,,,,,,,,,23,,,,2,2,,0.0,0.0,,,,,,,,,23,,,,3
47,why09yml,,0,0,30,,,,0,,,0.0,0.0,,,,,,,Jpll tK7I,2e78n6pa,,,,,0,0.0,mftrust,1.0,1,,0.0,0.0,,,,,,,,,24,,,,1,1,,0.0,0.0,,,,,,,,,24,,,,2,1,,0.0,0.0,,,,,,,,,24,,,,3
48,sg4ltut2,,0,0,30,,,,0,,,0.0,0.0,,,,,,,M62D GeGE,2e78n6pa,,,,,0,0.0,mftrust,1.0,2,,0.0,0.0,,,,,,,,,24,,,,1,2,,0.0,0.0,,,,,,,,,24,,,,2,2,,0.0,0.0,,,,,,,,,24,,,,3
49,0nyazo0v,,0,0,30,,,,0,,,0.0,0.0,,,,,,,ItQi Eu3G,2e78n6pa,,,,,0,0.0,mftrust,1.0,1,,0.0,0.0,,,,,,,,,25,,,,1,1,,0.0,0.0,,,,,,,,,25,,,,2,1,,0.0,0.0,,,,,,,,,25,,,,3
50,brnjskeu,,0,0,30,,,,0,,,0.0,0.0,,,,,,,cim2 oLNR,2e78n6pa,,,,,0,0.0,mftrust,1.0,2,,0.0,0.0,,,,,,,,,25,,,,1,2,,0.0,0.0,,,,,,,,,25,,,,2,2,,0.0,0.0,,,,,,,,,25,,,,3
51,z1qokx1e,,0,0,30,,,,0,,,0.0,0.0,,,,,,,0RRk bTVe,2e78n6pa,,,,,0,0.0,mftrust,1.0,1,,0.0,0.0,,,,,,,,,26,,,,1,1,,0.0,0.0,,,,,,,,,26,,,,2,1,,0.0,0.0,,,,,,,,,26,,,,3
52,ngmyhslq,,0,0,30,,,,0,,,0.0,0.0,,,,,,,ctkJ sOZe,2e78n6pa,,,,,0,0.0,mftrust,1.0,2,,0.0,0.0,,,,,,,,,26,,,,1,2,,0.0,0.0,,,,,,,,,26,,,,2,2,,0.0,0.0,,,,,,,,,26,,,,3
53,g2rnnuak,,0,0,30,,,,0,,,0.0,0.0,,,,,,,4mY7 W5C0,2e78n6pa,,,,,0,0.0,mftrust,1.0,1,,0.0,0.0,,,,,,,,,27,,,,1,1,,0.0,0.0,,,,,,,,,27,,,,2,1,,0.0,0.0,,,,,,,,,27,,,,3
54,44p5k6lm,,0,0,30,,,,0,,,0.0,0.0,,,,,,,ozaP aFcG,2e78n6pa,,,,,0,0.0,mftrust,1.0,2,,0.0,0.0,,,,,,,,,27,,,,1,2,,0.0,0.0,,,,,,,,,27,,,,2,2,,0.0,0.0,,,,,,,,,27,,,,3
55,fq9yom1i,,0,0,30,,,,0,,,0.0,0.0,,,,,,,cAIj xNQf,2e78n6pa,,,,,0,0.0,mftrust,1.0,1,,0.0,0.0,,,,,,,,,28,,,,1,1,,0.0,0.0,,,,,,,,,28,,,,2,1,,0.0,0.0,,,,,,,,,28,,,,3
56,ak0ph1eu,,0,0,30,,,,0,,,0.0,0.0,,,,,,,zexE bDTz,2e78n6pa,,,,,0,0.0,mftrust,1.0,2,,0.0,0.0,,,,,,,,,28,,,,1,2,,0.0,0.0,,,,,,,,,28,,,,2,2,,0.0,0.0,,,,,,,,,28,,,,3
57,ol4ohmhm,,0,0,30,,,,0,,,0.0,0.0,,,,,,,oYV5 ZTQS,2e78n6pa,,,,,0,0.0,mftrust,1.0,1,,0.0,0.0,,,,,,,,,29,,,,1,1,,0.0,0.0,,,,,,,,,29,,,,2,1,,0.0,0.0,,,,,,,,,29,,,,3
58,f8xowenr,,0,0,30,,,,0,,,0.0,0.0,,,,,,,DmO4 PviH,2e78n6pa,,,,,0,0.0,mftrust,1.0,2,,0.0,0.0,,,,,,,,,29,,,,1,2,,0.0,0.0,,,,,,,,,29,,,,2,2,,0.0,0.0,,,,,,,,,29,,,,3
59,xjo7xk05,,0,0,30,,,,0,,,0.0,0.0,,,,,,,ilcP FKSu,2e78n6pa,,,,,0,0.0,mftrust,1.0,1,,0.0,0.0,,,,,,,,,30,,,,1,1,,0.0,0.0,,,,,,,,,30,,,,2,1,,0.0,0.0,,,,,,,,,30,,,,3
60,7szq03iq,,0,0,30,,,,0,,,0.0,0.0,,,,,,,JtYd cf65,2e78n6pa,,,,,0,0.0,mftrust,1.0,2,,0.0,0.0,,,,,,,,,30,,,,1,2,,0.0,0.0,,,,,,,,,30,,,,2,2,,0.0,0.0,,,,,,,,,30,,,,3
61,f9pxsurd,,0,0,30,,,,0,,,0.0,0.0,,,,,,,ZHdA QjKs,2e78n6pa,,,,,0,0.0,mftrust,1.0,1,,0.0,0.0,,,,,,,,,31,,,,1,1,,0.0,0.0,,,,,,,,,31,,,,2,1,,0.0,0.0,,,,,,,,,31,,,,3
62,wkfwmzcm,,0,0,30,,,,0,,,0.0,0.0,,,,,,,Q6FK sJ4i,2e78n6pa,,,,,0,0.0,mftrust,1.0,2,,0.0,0.0,,,,,,,,,31,,,,1,2,,0.0,0.0,,,,,,,,,31,,,,2,2,,0.0,0.0,,,,,,,,,31,,,,3
63,697fq5gc,,0,0,30,,,,0,,,0.0,0.0,,,,,,,PLS9 HtIF,2e78n6pa,,,,,0,0.0,mftrust,1.0,1,,0.0,0.0,,,,,,,,,32,,,,1,1,,0.0,0.0,,,,,,,,,32,,,,2,1,,0.0,0.0,,,,,,,,,32,,,,3
64,gpit6qjh,,0,0,30,,,,0,,,0.0,0.0,,,,,,,31qe fXY4,2e78n6pa,,,,,0,0.0,mftrust,1.0,2,,0.0,0.0,,,,,,,,,32,,,,1,2,,0.0,0.0,,,,,,,,,32,,,,2,2,,0.0,0.0,,,,,,,,,32,,,,3
65,2k0rkvsd,,0,0,30,,,,0,,,0.0,0.0,,,,,,,t4zI XiAw,2e78n6pa,,,,,0,0.0,mftrust,1.0,1,,0.0,0.0,,,,,,,,,33,,,,1,1,,0.0,0.0,,,,,,,,,33,,,,2,1,,0.0,0.0,,,,,,,,,33,,,,3
66,judyzetc,,0,0,30,,,,0,,,0.0,0.0,,,,,,,djRs vMUR,2e78n6pa,,,,,0,0.0,mftrust,1.0,2,,0.0,0.0,,,,,,,,,33,,,,1,2,,0.0,0.0,,,,,,,,,33,,,,2,2,,0.0,0.0,,,,,,,,,33,,,,3
67,tcowomcl,,0,0,30,,,,0,,,0.0,0.0,,,,,,,K8fT OG1y,2e78n6pa,,,,,0,0.0,mftrust,1.0,1,,0.0,0.0,,,,,,,,,34,,,,1,1,,0.0,0.0,,,,,,,,,34,,,,2,1,,0.0,0.0,,,,,,,,,34,,,,3
68,seybhclx,,0,0,30,,,,0,,,0.0,0.0,,,,,,,ERJo aOUJ,2e78n6pa,,,,,0,0.0,mftrust,1.0,2,,0.0,0.0,,,,,,,,,34,,,,1,2,,0.0,0.0,,,,,,,,,34,,,,2,2,,0.0,0.0,,,,,,,,,34,,,,3
69,csh6n6m5,,0,0,30,,,,0,,,0.0,0.0,,,,,,,YfbV 2qUC,2e78n6pa,,,,,0,0.0,mftrust,1.0,1,,0.0,0.0,,,,,,,,,35,,,,1,1,,0.0,0.0,,,,,,,,,35,,,,2,1,,0.0,0.0,,,,,,,,,35,,,,3
70,uub8tl49,,0,0,30,,,,0,,,0.0,0.0,,,,,,,Bpr8 2tzM,2e78n6pa,,,,,0,0.0,mftrust,1.0,2,,0.0,0.0,,,,,,,,,35,,,,1,2,,0.0,0.0,,,,,,,,,35,,,,2,2,,0.0,0.0,,,,,,,,,35,,,,3
71,fn6co2ry,,0,0,30,,,,0,,,0.0,0.0,,,,,,,QYFw 2Pnw,2e78n6pa,,,,,0,0.0,mftrust,1.0,1,,0.0,0.0,,,,,,,,,36,,,,1,1,,0.0,0.0,,,,,,,,,36,,,,2,1,,0.0,0.0,,,,,,,,,36,,,,3
72,3hta3uq2,,0,0,30,,,,0,,,0.0,0.0,,,,,,,Lv88 KhK5,2e78n6pa,,,,,0,0.0,mftrust,1.0,2,,0.0,0.0,,,,,,,,,36,,,,1,2,,0.0,0.0,,,,,,,,,36,,,,2,2,,0.0,0.0,,,,,,,,,36,,,,3
73,pyagcc08,,0,0,30,,,,0,,,0.0,0.0,,,,,,,frhn 7HZ0,2e78n6pa,,,,,0,0.0,mftrust,1.0,1,,0.0,0.0,,,,,,,,,37,,,,1,1,,0.0,0.0,,,,,,,,,37,,,,2,1,,0.0,0.0,,,,,,,,,37,,,,3
74,tg53er5h,,0,0,30,,,,0,,,0.0,0.0,,,,,,,IYYE ENWP,2e78n6pa,,,,,0,0.0,mftrust,1.0,2,,0.0,0.0,,,,,,,,,37,,,,1,2,,0.0,0.0,,,,,,,,,37,,,,2,2,,0.0,0.0,,,,,,,,,37,,,,3
75,erjge9av,,0,0,30,,,,0,,,0.0,0.0,,,,,,,BAU5 udSs,2e78n6pa,,,,,0,0.0,mftrust,1.0,1,,0.0,0.0,,,,,,,,,38,,,,1,1,,0.0,0.0,,,,,,,,,38,,,,2,1,,0.0,0.0,,,,,,,,,38,,,,3
76,p1t28dn0,,0,0,30,,,,0,,,0.0,0.0,,,,,,,HJ9r NO3D,2e78n6pa,,,,,0,0.0,mftrust,1.0,2,,0.0,0.0,,,,,,,,,38,,,,1,2,,0.0,0.0,,,,,,,,,38,,,,2,2,,0.0,0.0,,,,,,,,,38,,,,3
77,10k6838g,,0,0,30,,,,0,,,0.0,0.0,,,,,,,iwkF ViuV,2e78n6pa,,,,,0,0.0,mftrust,1.0,1,,0.0,0.0,,,,,,,,,39,,,,1,1,,0.0,0.0,,,,,,,,,39,,,,2,1,,0.0,0.0,,,,,,,,,39,,,,3
78,d9npgo2t,,0,0,30,,,,0,,,0.0,0.0,,,,,,,lgei kpJG,2e78n6pa,,,,,0,0.0,mftrust,1.0,2,,0.0,0.0,,,,,,,,,39,,,,1,2,,0.0,0.0,,,,,,,,,39,,,,2,2,,0.0,0.0,,,,,,,,,39,,,,3
79,vj4k2ego,,0,0,30,,,,0,,,0.0,0.0,,,,,,,JjBN rIPL,2e78n6pa,,,,,0,0.0,mftrust,1.0,1,,0.0,0.0,,,,,,,,,40,,,,1,1,,0.0,0.0,,,,,,,,,40,,,,2,1,,0.0,0.0,,,,,,,,,40,,,,3
80,wpdhid7p,,0,0,30,,,,0,,,0.0,0.0,,,,,,,a0RZ zzdt,2e78n6pa,,,,,0,0.0,mftrust,1.0,2,,0.0,0.0,,,,,,,,,40,,,,1,2,,0.0,0.0,,,,,,,,,40,,,,2,2,,0.0,0.0,,,,,,,,,40,,,,3
81,7g00f47b,,0,0,30,,,,0,,,0.0,0.0,,,,,,,Q2YX 5rZS,2e78n6pa,,,,,0,0.0,mftrust,1.0,1,,0.0,0.0,,,,,,,,,41,,,,1,1,,0.0,0.0,,,,,,,,,41,,,,2,1,,0.0,0.0,,,,,,,,,41,,,,3
82,lg6x6vao,,0,0,30,,,,0,,,0.0,0.0,,,,,,,7PpS 1nUN,2e78n6pa,,,,,0,0.0,mftrust,1.0,2,,0.0,0.0,,,,,,,,,41,,,,1,2,,0.0,0.0,,,,,,,,,41,,,,2,2,,0.0,0.0,,,,,,,,,41,,,,3
83,s3d0cawd,,0,0,30,,,,0,,,0.0,0.0,,,,,,,7bhs VUqo,2e78n6pa,,,,,0,0.0,mftrust,1.0,1,,0.0,0.0,,,,,,,,,42,,,,1,1,,0.0,0.0,,,,,,,,,42,,,,2,1,,0.0,0.0,,,,,,,,,42,,,,3
84,wsqfhkz0,,0,0,30,,,,0,,,0.0,0.0,,,,,,,nrWp GgVr,2e78n6pa,,,,,0,0.0,mftrust,1.0,2,,0.0,0.0,,,,,,,,,42,,,,1,2,,0.0,0.0,,,,,,,,,42,,,,2,2,,0.0,0.0,,,,,,,,,42,,,,3
85,2ya9km69,,0,0,30,,,,0,,,0.0,0.0,,,,,,,JS2a WOdR,2e78n6pa,,,,,0,0.0,mftrust,1.0,1,,0.0,0.0,,,,,,,,,43,,,,1,1,,0.0,0.0,,,,,,,,,43,,,,2,1,,0.0,0.0,,,,,,,,,43,,,,3
86,ffq0fc2l,,0,0,30,,,,0,,,0.0,0.0,,,,,,,ZYOG 5YAz,2e78n6pa,,,,,0,0.0,mftrust,1.0,2,,0.0,0.0,,,,,,,,,43,,,,1,2,,0.0,0.0,,,,,,,,,43,,,,2,2,,0.0,0.0,,,,,,,,,43,,,,3
87,o5durus9,,0,0,30,,,,0,,,0.0,0.0,,,,,,,62eJ XvJJ,2e78n6pa,,,,,0,0.0,mftrust,1.0,1,,0.0,0.0,,,,,,,,,44,,,,1,1,,0.0,0.0,,,,,,,,,44,,,,2,1,,0.0,0.0,,,,,,,,,44,,,,3
88,yboue607,,0,0,30,,,,0,,,0.0,0.0,,,,,,,BxgM 6VHj,2e78n6pa,,,,,0,0.0,mftrust,1.0,2,,0.0,0.0,,,,,,,,,44,,,,1,2,,0.0,0.0,,,,,,,,,44,,,,2,2,,0.0,0.0,,,,,,,,,44,,,,3
89,rllup14x,,0,0,30,,,,0,,,0.0,0.0,,,,,,,QQfN Ydf9,2e78n6pa,,,,,0,0.0,mftrust,1.0,1,,0.0,0.0,,,,,,,,,45,,,,1,1,,0.0,0.0,,,,,,,,,45,,,,2,1,,0.0,0.0,,,,,,,,,45,,,,3
90,1kt6gsfj,,0,0,30,,,,0,,,0.0,0.0,,,,,,,gvP1 XU0l,2e78n6pa,,,,,0,0.0,mftrust,1.0,2,,0.0,0.0,,,,,,,,,45,,,,1,2,,0.0,0.0,,,,,,,,,45,,,,2,2,,0.0,0.0,,,,,,,,,45,,,,3
91,3qsv87gb,,0,0,30,,,,0,,,0.0,0.0,,,,,,,ue7T lDGa,2e78n6pa,,,,,0,0.0,mftrust,1.0,1,,0.0,0.0,,,,,,,,,46,,,,1,1,,0.0,0.0,,,,,,,,,46,,,,2,1,,0.0,0.0,,,,,,,,,46,,,,3
92,zoy2d4ap,,0,0,30,,,,0,,,0.0,0.0,,,,,,,Gt8w 0YLP,2e78n6pa,,,,,0,0.0,mftrust,1.0,2,,0.0,0.0,,,,,,,,,46,,,,1,2,,0.0,0.0,,,,,,,,,46,,,,2,2,,0.0,0.0,,,,,,,,,46,,,,3
93,lh3zpu6w,,0,0,30,,,,0,,,0.0,0.0,,,,,,,HZAy Thk3,2e78n6pa,,,,,0,0.0,mftrust,1.0,1,,0.0,0.0,,,,,,,,,47,,,,1,1,,0.0,0.0,,,,,,,,,47,,,,2,1,,0.0,0.0,,,,,,,,,47,,,,3
94,575cvxmt,,0,0,30,,,,0,,,0.0,0.0,,,,,,,461c mIrP,2e78n6pa,,,,,0,0.0,mftrust,1.0,2,,0.0,0.0,,,,,,,,,47,,,,1,2,,0.0,0.0,,,,,,,,,47,,,,2,2,,0.0,0.0,,,,,,,,,47,,,,3
95,uv9ncela,,0,0,30,,,,0,,,0.0,0.0,,,,,,,EuEQ VJEg,2e78n6pa,,,,,0,0.0,mftrust,1.0,1,,0.0,0.0,,,,,,,,,48,,,,1,1,,0.0,0.0,,,,,,,,,48,,,,2,1,,0.0,0.0,,,,,,,,,48,,,,3
96,n8k8xhcf,,0,0,30,,,,0,,,0.0,0.0,,,,,,,UZvG yZxS,2e78n6pa,,,,,0,0.0,mftrust,1.0,2,,0.0,0.0,,,,,,,,,48,,,,1,2,,0.0,0.0,,,,,,,,,48,,,,2,2,,0.0,0.0,,,,,,,,,48,,,,3
97,nhfjwz4o,,0,0,30,,,,0,,,0.0,0.0,,,,,,,5mix VcUr,2e78n6pa,,,,,0,0.0,mftrust,1.0,1,,0.0,0.0,,,,,,,,,49,,,,1,1,,0.0,0.0,,,,,,,,,49,,,,2,1,,0.0,0.0,,,,,,,,,49,,,,3
98,wss591o4,,0,0,30,,,,0,,,0.0,0.0,,,,,,,a26X CfDQ,2e78n6pa,,,,,0,0.0,mftrust,1.0,2,,0.0,0.0,,,,,,,,,49,,,,1,2,,0.0,0.0,,,,,,,,,49,,,,2,2,,0.0,0.0,,,,,,,,,49,,,,3
99,qxxmjoen,,0,0,30,,,,0,,,0.0,0.0,,,,,,,nHX6 OqCH,2e78n6pa,,,,,0,0.0,mftrust,1.0,1,,0.0,0.0,,,,,,,,,50,,,,1,1,,0.0,0.0,,,,,,,,,50,,,,2,1,,0.0,0.0,,,,,,,,,50,,,,3
100,1vlqpk5t,,0,0,30,,,,0,,,0.0,0.0,,,,,,,AVPj 3Na9,2e78n6pa,,,,,0,0.0,mftrust,1.0,2,,0.0,0.0,,,,,,,,,50,,,,1,2,,0.0,0.0,,,,,,,,,50,,,,2,2,,0.0,0.0,,,,,,,,,50,,,,3
101,qw5h89g0,,0,0,30,,,,0,,,0.0,0.0,,,,,,,keZT DFta,2e78n6pa,,,,,0,0.0,mftrust,1.0,1,,0.0,0.0,,,,,,,,,51,,,,1,1,,0.0,0.0,,,,,,,,,51,,,,2,1,,0.0,0.0,,,,,,,,,51,,,,3
102,ym0bqd7k,,0,0,30,,,,0,,,0.0,0.0,,,,,,,poHg sH6i,2e78n6pa,,,,,0,0.0,mftrust,1.0,2,,0.0,0.0,,,,,,,,,51,,,,1,2,,0.0,0.0,,,,,,,,,51,,,,2,2,,0.0,0.0,,,,,,,,,51,,,,3
103,22pge7kx,,0,0,30,,,,0,,,0.0,0.0,,,,,,,Dse4 0vlw,2e78n6pa,,,,,0,0.0,mftrust,1.0,1,,0.0,0.0,,,,,,,,,52,,,,1,1,,0.0,0.0,,,,,,,,,52,,,,2,1,,0.0,0.0,,,,,,,,,52,,,,3
104,89n0nff2,,0,0,30,,,,0,,,0.0,0.0,,,,,,,EFti qQ1x,2e78n6pa,,,,,0,0.0,mftrust,1.0,2,,0.0,0.0,,,,,,,,,52,,,,1,2,,0.0,0.0,,,,,,,,,52,,,,2,2,,0.0,0.0,,,,,,,,,52,,,,3
105,i68y5x59,,0,0,30,,,,0,,,0.0,0.0,,,,,,,Pcs8 KhVc,2e78n6pa,,,,,0,0.0,mftrust,1.0,1,,0.0,0.0,,,,,,,,,53,,,,1,1,,0.0,0.0,,,,,,,,,53,,,,2,1,,0.0,0.0,,,,,,,,,53,,,,3
106,ksjbe7xj,,0,0,30,,,,0,,,0.0,0.0,,,,,,,EUJZ 9Uo5,2e78n6pa,,,,,0,0.0,mftrust,1.0,2,,0.0,0.0,,,,,,,,,53,,,,1,2,,0.0,0.0,,,,,,,,,53,,,,2,2,,0.0,0.0,,,,,,,,,53,,,,3
107,bza34fbx,,0,0,30,,,,0,,,0.0,0.0,,,,,,,vKg3 PQ5j,2e78n6pa,,,,,0,0.0,mftrust,1.0,1,,0.0,0.0,,,,,,,,,54,,,,1,1,,0.0,0.0,,,,,,,,,54,,,,2,1,,0.0,0.0,,,,,,,,,54,,,,3
108,0h5heu7h,,0,0,30,,,,0,,,0.0,0.0,,,,,,,ipS8 xw1J,2e78n6pa,,,,,0,0.0,mftrust,1.0,2,,0.0,0.0,,,,,,,,,54,,,,1,2,,0.0,0.0,,,,,,,,,54,,,,2,2,,0.0,0.0,,,,,,,,,54,,,,3
