participant.id_in_session,participant.code,participant.label,participant._is_bot,participant._index_in_pages,participant._max_page_index,participant._current_app_name,participant._current_page_name,participant.time_started_utc,participant.visited,participant.mturk_worker_id,participant.mturk_assignment_id,participant.payoff,participant.wealth,participant.comprehension_check,participant.comprehension_check1,participant.comprehension_check2,participant.manipulation_check,participant.human_check,participant.feedback,session.code,session.label,session.mturk_HITId,session.mturk_HITGroupId,session.comment,session.is_demo,session.config.participation_fee,session.config.name,session.config.real_world_currency_per_point,fgiftex.1.player.id_in_group,fgiftex.1.player.role,fgiftex.1.player.payoff,fgiftex.1.player.wealth,fgiftex.1.player.comprehension_check_pre1,fgiftex.1.player.comprehension_check_pre2,fgiftex.1.player.comprehension_check_post1,fgiftex.1.player.comprehension_check_post2,fgiftex.1.player.human_check,fgiftex.1.player.feedback,fgiftex.1.group.id_in_subsession,fgiftex.1.group.wage,fgiftex.1.group.cost,fgiftex.1.group.effort,fgiftex.1.subsession.round_number,fgiftex.2.player.id_in_group,fgiftex.2.player.role,fgiftex.2.player.payoff,fgiftex.2.player.wealth,fgiftex.2.player.comprehension_check_pre1,fgiftex.2.player.comprehension_check_pre2,fgiftex.2.player.comprehension_check_post1,fgiftex.2.player.comprehension_check_post2,fgiftex.2.player.human_check,fgiftex.2.player.feedback,fgiftex.2.group.id_in_subsession,fgiftex.2.group.wage,fgiftex.2.group.cost,fgiftex.2.group.effort,fgiftex.2.subsession.round_number,fgiftex.3.player.id_in_group,fgiftex.3.player.role,fgiftex.3.player.payoff,fgiftex.3.player.wealth,fgiftex.3.player.comprehension_check_pre1,fgiftex.3.player.comprehension_check_pre2,fgiftex.3.player.comprehension_check_post1,fgiftex.3.player.comprehension_check_post2,fgiftex.3.player.human_check,fgiftex.3.player.feedback,fgiftex.3.group.id_in_subsession,fgiftex.3.group.wage,fgiftex.3.group.cost,fgiftex.3.group.effort,fgiftex.3.subsession.round_number,fgiftex.4.player.id_in_group,fgiftex.4.player.role,fgiftex.4.player.payoff,fgiftex.4.player.wealth,fgiftex.4.player.comprehension_check_pre1,fgiftex.4.player.comprehension_check_pre2,fgiftex.4.player.comprehension_check_post1,fgiftex.4.player.comprehension_check_post2,fgiftex.4.player.human_check,fgiftex.4.player.feedback,fgiftex.4.group.id_in_subsession,fgiftex.4.group.wage,fgiftex.4.group.cost,fgiftex.4.group.effort,fgiftex.4.subsession.round_number,fgiftex.5.player.id_in_group,fgiftex.5.player.role,fgiftex.5.player.payoff,fgiftex.5.player.wealth,fgiftex.5.player.comprehension_check_pre1,fgiftex.5.player.comprehension_check_pre2,fgiftex.5.player.comprehension_check_post1,fgiftex.5.player.comprehension_check_post2,fgiftex.5.player.human_check,fgiftex.5.player.feedback,fgiftex.5.group.id_in_subsession,fgiftex.5.group.wage,fgiftex.5.group.cost,fgiftex.5.group.effort,fgiftex.5.subsession.round_number,fgiftex.6.player.id_in_group,fgiftex.6.player.role,fgiftex.6.player.payoff,fgiftex.6.player.wealth,fgiftex.6.player.comprehension_check_pre1,fgiftex.6.player.comprehension_check_pre2,fgiftex.6.player.comprehension_check_post1,fgiftex.6.player.comprehension_check_post2,fgiftex.6.player.human_check,fgiftex.6.player.feedback,fgiftex.6.group.id_in_subsession,fgiftex.6.group.wage,fgiftex.6.group.cost,fgiftex.6.group.effort,fgiftex.6.subsession.round_number,fgiftex.7.player.id_in_group,fgiftex.7.player.role,fgiftex.7.player.payoff,fgiftex.7.player.wealth,fgiftex.7.player.comprehension_check_pre1,fgiftex.7.player.comprehension_check_pre2,fgiftex.7.player.comprehension_check_post1,fgiftex.7.player.comprehension_check_post2,fgiftex.7.player.human_check,fgiftex.7.player.feedback,fgiftex.7.group.id_in_subsession,fgiftex.7.group.wage,fgiftex.7.group.cost,fgiftex.7.group.effort,fgiftex.7.subsession.round_number,fgiftex.8.player.id_in_group,fgiftex.8.player.role,fgiftex.8.player.payoff,fgiftex.8.player.wealth,fgiftex.8.player.comprehension_check_pre1,fgiftex.8.player.comprehension_check_pre2,fgiftex.8.player.comprehension_check_post1,fgiftex.8.player.comprehension_check_post2,fgiftex.8.player.human_check,fgiftex.8.player.feedback,fgiftex.8.group.id_in_subsession,fgiftex.8.group.wage,fgiftex.8.group.cost,fgiftex.8.group.effort,fgiftex.8.subsession.round_number,fgiftex.9.player.id_in_group,fgiftex.9.player.role,fgiftex.9.player.payoff,fgiftex.9.player.wealth,fgiftex.9.player.comprehension_check_pre1,fgiftex.9.player.comprehension_check_pre2,fgiftex.9.player.comprehension_check_post1,fgiftex.9.player.comprehension_check_post2,fgiftex.9.player.human_check,fgiftex.9.player.feedback,fgiftex.9.group.id_in_subsession,fgiftex.9.group.wage,fgiftex.9.group.cost,fgiftex.9.group.effort,fgiftex.9.subsession.round_number,fgiftex.10.player.id_in_group,fgiftex.10.player.role,fgiftex.10.player.payoff,fgiftex.10.player.wealth,fgiftex.10.player.comprehension_check_pre1,fgiftex.10.player.comprehension_check_pre2,fgiftex.10.player.comprehension_check_post1,fgiftex.10.player.comprehension_check_post2,fgiftex.10.player.human_check,fgiftex.10.player.feedback,fgiftex.10.group.id_in_subsession,fgiftex.10.group.wage,fgiftex.10.group.cost,fgiftex.10.group.effort,fgiftex.10.subsession.round_number,giftex.1.player.id_in_group,giftex.1.player.role,giftex.1.player.payoff,giftex.1.player.wealth,giftex.1.player.comprehension_check_pre1,giftex.1.player.comprehension_check_pre2,giftex.1.player.comprehension_check_post1,giftex.1.player.comprehension_check_post2,giftex.1.player.human_check,giftex.1.player.feedback,giftex.1.group.id_in_subsession,giftex.1.group.wage,giftex.1.group.cost,giftex.1.group.effort,giftex.1.subsession.round_number,giftex.2.player.id_in_group,giftex.2.player.role,giftex.2.player.payoff,giftex.2.player.wealth,giftex.2.player.comprehension_check_pre1,giftex.2.player.comprehension_check_pre2,giftex.2.player.comprehension_check_post1,giftex.2.player.comprehension_check_post2,giftex.2.player.human_check,giftex.2.player.feedback,giftex.2.group.id_in_subsession,giftex.2.group.wage,giftex.2.group.cost,giftex.2.group.effort,giftex.2.subsession.round_number,giftex.3.player.id_in_group,giftex.3.player.role,giftex.3.player.payoff,giftex.3.player.wealth,giftex.3.player.comprehension_check_pre1,giftex.3.player.comprehension_check_pre2,giftex.3.player.comprehension_check_post1,giftex.3.player.comprehension_check_post2,giftex.3.player.human_check,giftex.3.player.feedback,giftex.3.group.id_in_subsession,giftex.3.group.wage,giftex.3.group.cost,giftex.3.group.effort,giftex.3.subsession.round_number,giftex.4.player.id_in_group,giftex.4.player.role,giftex.4.player.payoff,giftex.4.player.wealth,giftex.4.player.comprehension_check_pre1,giftex.4.player.comprehension_check_pre2,giftex.4.player.comprehension_check_post1,giftex.4.player.comprehension_check_post2,giftex.4.player.human_check,giftex.4.player.feedback,giftex.4.group.id_in_subsession,giftex.4.group.wage,giftex.4.group.cost,giftex.4.group.effort,giftex.4.subsession.round_number,giftex.5.player.id_in_group,giftex.5.player.role,giftex.5.player.payoff,giftex.5.player.wealth,giftex.5.player.comprehension_check_pre1,giftex.5.player.comprehension_check_pre2,giftex.5.player.comprehension_check_post1,giftex.5.player.comprehension_check_post2,giftex.5.player.human_check,giftex.5.player.feedback,giftex.5.group.id_in_subsession,giftex.5.group.wage,giftex.5.group.cost,giftex.5.group.effort,giftex.5.subsession.round_number,giftex.6.player.id_in_group,giftex.6.player.role,giftex.6.player.payoff,giftex.6.player.wealth,giftex.6.player.comprehension_check_pre1,giftex.6.player.comprehension_check_pre2,giftex.6.player.comprehension_check_post1,giftex.6.player.comprehension_check_post2,giftex.6.player.human_check,giftex.6.player.feedback,giftex.6.group.id_in_subsession,giftex.6.group.wage,giftex.6.group.cost,giftex.6.group.effort,giftex.6.subsession.round_number,giftex.7.player.id_in_group,giftex.7.player.role,giftex.7.player.payoff,giftex.7.player.wealth,giftex.7.player.comprehension_check_pre1,giftex.7.player.comprehension_check_pre2,giftex.7.player.comprehension_check_post1,giftex.7.player.comprehension_check_post2,giftex.7.player.human_check,giftex.7.player.feedback,giftex.7.group.id_in_subsession,giftex.7.group.wage,giftex.7.group.cost,giftex.7.group.effort,giftex.7.subsession.round_number,giftex.8.player.id_in_group,giftex.8.player.role,giftex.8.player.payoff,giftex.8.player.wealth,giftex.8.player.comprehension_check_pre1,giftex.8.player.comprehension_check_pre2,giftex.8.player.comprehension_check_post1,giftex.8.player.comprehension_check_post2,giftex.8.player.human_check,giftex.8.player.feedback,giftex.8.group.id_in_subsession,giftex.8.group.wage,giftex.8.group.cost,giftex.8.group.effort,giftex.8.subsession.round_number,giftex.9.player.id_in_group,giftex.9.player.role,giftex.9.player.payoff,giftex.9.player.wealth,giftex.9.player.comprehension_check_pre1,giftex.9.player.comprehension_check_pre2,giftex.9.player.comprehension_check_post1,giftex.9.player.comprehension_check_post2,giftex.9.player.human_check,giftex.9.player.feedback,giftex.9.group.id_in_subsession,giftex.9.group.wage,giftex.9.group.cost,giftex.9.group.effort,giftex.9.subsession.round_number,giftex.10.player.id_in_group,giftex.10.player.role,giftex.10.player.payoff,giftex.10.player.wealth,giftex.10.player.comprehension_check_pre1,giftex.10.player.comprehension_check_pre2,giftex.10.player.comprehension_check_post1,giftex.10.player.comprehension_check_post2,giftex.10.player.human_check,giftex.10.player.feedback,giftex.10.group.id_in_subsession,giftex.10.group.wage,giftex.10.group.cost,giftex.10.group.effort,giftex.10.subsession.round_number
1,5iecy00c,,0,100,100,giftex,Thanks,2024-03-30 00:40:26.660473,1,,,137.0,137.0,,,,,,,pknu2bze,,,,,0,0.0,giftex,1.0,,,,,,,,,,,,,,,,,,,,,,,,,,,,,,,,,,,,,,,,,,,,,,,,,,,,,,,,,,,,,,,,,,,,,,,,,,,,,,,,,,,,,,,,,,,,,,,,,,,,,,,,,,,,,,,,,,,,,,,,,,,,,,,,,,,,,,,,,,,,,,,,,,,,,,,1,,25.0,0.0,63,8,,,,,1,50,6,0.5,1,1,,20.0,0.0,,,,,,,1,60,6,0.5,2,1,,18.0,0.0,,,,,,,1,70,8,0.6,3,1,,15.0,0.0,,,,,,,1,75,8,0.6,4,1,,12.0,0.0,,,,,,,1,80,8,0.6,5,1,,10.0,0.0,,,,,,,1,85,10,0.7,6,1,,7.0,0.0,,,,,,,1,90,10,0.7,7,1,,10.0,0.0,,,,,,,1,85,10,0.7,8,1,,10.0,0.0,,,,,,,1,85,10,0.7,9,1,,10.0,0.0,,,3,2,1,"The experiment was engaging and provided insights into decision-making under various constraints. However, clearer instructions on the impact of the effort cost and multiplier on payoffs could enhance the experience.",1,85,10,0.7,10
2,kybem2no,,0,100,100,giftex,Thanks,2024-03-30 00:40:26.990107,1,,,679.0,679.0,,,,,,,pknu2bze,,,,,0,0.0,giftex,1.0,,,,,,,,,,,,,,,,,,,,,,,,,,,,,,,,,,,,,,,,,,,,,,,,,,,,,,,,,,,,,,,,,,,,,,,,,,,,,,,,,,,,,,,,,,,,,,,,,,,,,,,,,,,,,,,,,,,,,,,,,,,,,,,,,,,,,,,,,,,,,,,,,,,,,,,2,,44.0,0.0,81,8,,,,,1,50,6,0.5,1,2,,54.0,0.0,,,,,,,1,60,6,0.5,2,2,,62.0,0.0,,,,,,,1,70,8,0.6,3,2,,67.0,0.0,,,,,,,1,75,8,0.6,4,2,,72.0,0.0,,,,,,,1,80,8,0.6,5,2,,75.0,0.0,,,,,,,1,85,10,0.7,6,2,,80.0,0.0,,,,,,,1,90,10,0.7,7,2,,75.0,0.0,,,,,,,1,85,10,0.7,8,2,,75.0,0.0,,,,,,,1,85,10,0.7,9,2,,75.0,0.0,,,3,2,1,The experiment was insightful and well-structured. Understanding the dynamics between effort cost and payoff through the interactions was fascinating.,1,85,10,0.7,10
3,mf6zbf78,,0,100,100,giftex,Thanks,2024-03-30 00:40:26.848894,1,,,259.0,259.0,,,,,,,pknu2bze,,,,,0,0.0,giftex,1.0,,,,,,,,,,,,,,,,,,,,,,,,,,,,,,,,,,,,,,,,,,,,,,,,,,,,,,,,,,,,,,,,,,,,,,,,,,,,,,,,,,,,,,,,,,,,,,,,,,,,,,,,,,,,,,,,,,,,,,,,,,,,,,,,,,,,,,,,,,,,,,,,,,,,,,,1,,30.0,0.0,63,8,,,,,2,50,8,0.6,1,1,,36.0,0.0,,,,,,,2,40,8,0.6,2,1,,33.0,0.0,,,,,,,2,45,8,0.6,3,1,,35.0,0.0,,,,,,,2,50,10,0.7,4,1,,31.0,0.0,,,,,,,2,55,10,0.7,5,1,,28.0,0.0,,,,,,,2,60,10,0.7,6,1,,24.0,0.0,,,,,,,2,65,10,0.7,7,1,,21.0,0.0,,,,,,,2,70,10,0.7,8,1,,14.0,0.0,,,,,,,2,80,10,0.7,9,1,,7.0,0.0,,,3,2,1,No feedback,2,90,10,0.7,10
4,28cdxdcc,,0,100,100,giftex,Thanks,2024-03-30 00:40:26.534485,1,,,511.0,511.0,,,,,,,pknu2bze,,,,,0,0.0,giftex,1.0,,,,,,,,,,,,,,,,,,,,,,,,,,,,,,,,,,,,,,,,,,,,,,,,,,,,,,,,,,,,,,,,,,,,,,,,,,,,,,,,,,,,,,,,,,,,,,,,,,,,,,,,,,,,,,,,,,,,,,,,,,,,,,,,,,,,,,,,,,,,,,,,,,,,,,,2,,42.0,0.0,63,12,,,,,2,50,8,0.6,1,2,,32.0,0.0,,,,,,,2,40,8,0.6,2,2,,37.0,0.0,,,,,,,2,45,8,0.6,3,2,,40.0,0.0,,,,,,,2,50,10,0.7,4,2,,45.0,0.0,,,,,,,2,55,10,0.7,5,2,,50.0,0.0,,,,,,,2,60,10,0.7,6,2,,55.0,0.0,,,,,,,2,65,10,0.7,7,2,,60.0,0.0,,,,,,,2,70,10,0.7,8,2,,70.0,0.0,,,,,,,2,80,10,0.7,9,2,,80.0,0.0,,,3,2,1,No feedback,2,90,10,0.7,10
5,bg8ax9wq,,0,100,100,giftex,Thanks,2024-03-30 00:40:28.287310,1,,,146.0,146.0,,,,,,,pknu2bze,,,,,0,0.0,giftex,1.0,,,,,,,,,,,,,,,,,,,,,,,,,,,,,,,,,,,,,,,,,,,,,,,,,,,,,,,,,,,,,,,,,,,,,,,,,,,,,,,,,,,,,,,,,,,,,,,,,,,,,,,,,,,,,,,,,,,,,,,,,,,,,,,,,,,,,,,,,,,,,,,,,,,,,,,1,,25.0,0.0,91,8,,,,,3,50,6,0.5,1,1,,24.0,0.0,,,,,,,3,60,8,0.6,2,1,,21.0,0.0,,,,,,,3,70,10,0.7,3,1,,12.0,0.0,,,,,,,3,80,8,0.6,4,1,,7.0,0.0,,,,,,,3,90,10,0.7,5,1,,15.0,0.0,,,,,,,3,75,8,0.6,6,1,,12.0,0.0,,,,,,,3,85,12,0.8,7,1,,12.0,0.0,,,,,,,3,80,8,0.6,8,1,,9.0,0.0,,,,,,,3,85,8,0.6,9,1,,9.0,0.0,,,3,2,1,Your experiment provides interesting insights into decision making and risk management between two parties. It was engaging to see how the decisions of Participant B influenced my outcomes as Participant A.,3,85,8,0.6,10
6,3lh3dhsl,,0,100,100,giftex,Thanks,2024-03-30 00:40:26.814017,1,,,674.0,674.0,,,,,,,pknu2bze,,,,,0,0.0,giftex,1.0,,,,,,,,,,,,,,,,,,,,,,,,,,,,,,,,,,,,,,,,,,,,,,,,,,,,,,,,,,,,,,,,,,,,,,,,,,,,,,,,,,,,,,,,,,,,,,,,,,,,,,,,,,,,,,,,,,,,,,,,,,,,,,,,,,,,,,,,,,,,,,,,,,,,,,,2,,44.0,0.0,27,8,,,,,3,50,6,0.5,1,2,,52.0,0.0,,,,,,,3,60,8,0.6,2,2,,60.0,0.0,,,,,,,3,70,10,0.7,3,2,,72.0,0.0,,,,,,,3,80,8,0.6,4,2,,80.0,0.0,,,,,,,3,90,10,0.7,5,2,,67.0,0.0,,,,,,,3,75,8,0.6,6,2,,73.0,0.0,,,,,,,3,85,12,0.8,7,2,,72.0,0.0,,,,,,,3,80,8,0.6,8,2,,77.0,0.0,,,,,,,3,85,8,0.6,9,2,,77.0,0.0,,,3,2,2,,3,85,8,0.6,10
7,xvtu1uhp,,0,100,100,giftex,Thanks,2024-03-30 00:40:28.398324,1,,,192.0,192.0,,,,,,,pknu2bze,,,,,0,0.0,giftex,1.0,,,,,,,,,,,,,,,,,,,,,,,,,,,,,,,,,,,,,,,,,,,,,,,,,,,,,,,,,,,,,,,,,,,,,,,,,,,,,,,,,,,,,,,,,,,,,,,,,,,,,,,,,,,,,,,,,,,,,,,,,,,,,,,,,,,,,,,,,,,,,,,,,,,,,,,1,,35.0,0.0,81,8,,,,,4,50,10,0.7,1,1,,24.0,0.0,,,,,,,4,60,8,0.6,2,1,,21.0,0.0,,,,,,,4,70,10,0.7,3,1,,16.0,0.0,,,,,,,4,80,12,0.8,4,1,,8.0,0.0,,,,,,,4,90,12,0.8,5,1,,16.0,0.0,,,,,,,4,80,12,0.8,6,1,,24.0,0.0,,,,,,,4,70,12,0.8,7,1,,20.0,0.0,,,,,,,4,75,12,0.8,8,1,,16.0,0.0,,,,,,,4,80,12,0.8,9,1,,12.0,0.0,,,3,2,1,This experiment provided deep insights into decision-making and the impact of incentives on performance and cooperation. Further experiments should explore varying the initial wealth and effort costs to assess different dynamics.,4,85,12,0.8,10
8,swfbycki,,0,100,100,giftex,Thanks,2024-03-30 00:40:26.718299,1,,,628.0,628.0,,,,,,,pknu2bze,,,,,0,0.0,giftex,1.0,,,,,,,,,,,,,,,,,,,,,,,,,,,,,,,,,,,,,,,,,,,,,,,,,,,,,,,,,,,,,,,,,,,,,,,,,,,,,,,,,,,,,,,,,,,,,,,,,,,,,,,,,,,,,,,,,,,,,,,,,,,,,,,,,,,,,,,,,,,,,,,,,,,,,,,2,,40.0,0.0,93,8,,,,,4,50,10,0.7,1,2,,52.0,0.0,,,,,,,4,60,8,0.6,2,2,,60.0,0.0,,,,,,,4,70,10,0.7,3,2,,68.0,0.0,,,,,,,4,80,12,0.8,4,2,,78.0,0.0,,,,,,,4,90,12,0.8,5,2,,68.0,0.0,,,,,,,4,80,12,0.8,6,2,,58.0,0.0,,,,,,,4,70,12,0.8,7,2,,63.0,0.0,,,,,,,4,75,12,0.8,8,2,,68.0,0.0,,,,,,,4,80,12,0.8,9,2,,73.0,0.0,,,3,2,1,"No specific feedback, but the experiment was insightful regarding decision-making processes and partnership dynamics.",4,85,12,0.8,10
9,pn41brq5,,0,100,100,giftex,Thanks,2024-03-30 00:40:28.316009,1,,,315.0,315.0,,,,,,,pknu2bze,,,,,0,0.0,giftex,1.0,,,,,,,,,,,,,,,,,,,,,,,,,,,,,,,,,,,,,,,,,,,,,,,,,,,,,,,,,,,,,,,,,,,,,,,,,,,,,,,,,,,,,,,,,,,,,,,,,,,,,,,,,,,,,,,,,,,,,,,,,,,,,,,,,,,,,,,,,,,,,,,,,,,,,,,1,,35.0,0.0,27,8,,,,,5,50,10,0.7,1,1,,30.0,0.0,,,,,,,5,50,8,0.6,2,1,,30.0,0.0,,,,,,,5,50,8,0.6,3,1,,30.0,0.0,,,,,,,5,50,8,0.6,4,1,,30.0,0.0,,,,,,,5,50,8,0.6,5,1,,30.0,0.0,,,,,,,5,50,8,0.6,6,1,,30.0,0.0,,,,,,,5,50,8,0.6,7,1,,30.0,0.0,,,,,,,5,50,8,0.6,8,1,,35.0,0.0,,,,,,,5,50,10,0.7,9,1,,35.0,0.0,,,3,2,1,The interaction dynamics and the effect of the multiplier on both participants' payoffs were quite enlightening. It was interesting to see how effort costs and multipliers played a significant role in the outcomes.,5,50,10,0.7,10
10,vvbe9zjl,,0,100,100,giftex,Thanks,2024-03-30 00:40:28.253656,1,,,414.0,414.0,,,,,,,pknu2bze,,,,,0,0.0,giftex,1.0,,,,,,,,,,,,,,,,,,,,,,,,,,,,,,,,,,,,,,,,,,,,,,,,,,,,,,,,,,,,,,,,,,,,,,,,,,,,,,,,,,,,,,,,,,,,,,,,,,,,,,,,,,,,,,,,,,,,,,,,,,,,,,,,,,,,,,,,,,,,,,,,,,,,,,,2,,40.0,0.0,27,8,,,,,5,50,10,0.7,1,2,,42.0,0.0,,,,,,,5,50,8,0.6,2,2,,42.0,0.0,,,,,,,5,50,8,0.6,3,2,,42.0,0.0,,,,,,,5,50,8,0.6,4,2,,42.0,0.0,,,,,,,5,50,8,0.6,5,2,,42.0,0.0,,,,,,,5,50,8,0.6,6,2,,42.0,0.0,,,,,,,5,50,8,0.6,7,2,,42.0,0.0,,,,,,,5,50,8,0.6,8,2,,40.0,0.0,,,,,,,5,50,10,0.7,9,2,,40.0,0.0,,,3,2,1,N/A,5,50,10,0.7,10
1,fc84p0dg,,0,100,100,fgiftex,Thanks,2024-03-30 00:48:21.636973,1,,,165.0,165.0,,,,,,,mhhoc8nt,,,,,0,0.0,fgiftex,1.0,1,,30.0,0.0,27,8,,,,,1,50,8,0.6,1,1,,27.0,0.0,,,,,,,1,55,8,0.6,2,1,,24.0,0.0,,,,,,,1,60,8,0.6,3,1,,21.0,0.0,,,,,,,1,65,8,0.6,4,1,,18.0,0.0,,,,,,,1,70,8,0.6,5,1,,15.0,0.0,,,,,,,1,75,8,0.6,6,1,,12.0,0.0,,,,,,,1,80,8,0.6,7,1,,9.0,0.0,,,,,,,1,85,8,0.6,8,1,,6.0,0.0,,,,,,,1,90,8,0.6,9,1,,3.0,0.0,,,3,2,2,,1,95,8,0.6,10,,,,,,,,,,,,,,,,,,,,,,,,,,,,,,,,,,,,,,,,,,,,,,,,,,,,,,,,,,,,,,,,,,,,,,,,,,,,,,,,,,,,,,,,,,,,,,,,,,,,,,,,,,,,,,,,,,,,,,,,,,,,,,,,,,,,,,,,,,,,,,,,,,,,,,
2,h86eawxf,,0,100,100,fgiftex,Thanks,2024-03-30 00:48:21.433255,1,,,645.0,645.0,,,,,,,mhhoc8nt,,,,,0,0.0,fgiftex,1.0,2,,42.0,0.0,27,8,,,,,1,50,8,0.6,1,2,,47.0,0.0,,,,,,,1,55,8,0.6,2,2,,52.0,0.0,,,,,,,1,60,8,0.6,3,2,,57.0,0.0,,,,,,,1,65,8,0.6,4,2,,62.0,0.0,,,,,,,1,70,8,0.6,5,2,,67.0,0.0,,,,,,,1,75,8,0.6,6,2,,72.0,0.0,,,,,,,1,80,8,0.6,7,2,,77.0,0.0,,,,,,,1,85,8,0.6,8,2,,82.0,0.0,,,,,,,1,90,8,0.6,9,2,,87.0,0.0,,,3,2,1,The experiment provided insightful data on decision-making dynamics between managerial compensation and efforts.,1,95,8,0.6,10,,,,,,,,,,,,,,,,,,,,,,,,,,,,,,,,,,,,,,,,,,,,,,,,,,,,,,,,,,,,,,,,,,,,,,,,,,,,,,,,,,,,,,,,,,,,,,,,,,,,,,,,,,,,,,,,,,,,,,,,,,,,,,,,,,,,,,,,,,,,,,,,,,,,,,
3,rwdrtddd,,0,100,100,fgiftex,Thanks,2024-03-30 00:48:20.980739,1,,,183.0,183.0,,,,,,,mhhoc8nt,,,,,0,0.0,fgiftex,1.0,1,,25.0,0.0,27,8,,,,,2,50,6,0.5,1,1,,24.0,0.0,,,,,,,2,60,8,0.6,2,1,,21.0,0.0,,,,,,,2,70,10,0.7,3,1,,17.0,0.0,,,,,,,2,75,10,0.7,4,1,,16.0,0.0,,,,,,,2,76,10,0.7,5,1,,16.0,0.0,,,,,,,2,77,10,0.7,6,1,,16.0,0.0,,,,,,,2,77,10,0.7,7,1,,16.0,0.0,,,,,,,2,77,10,0.7,8,1,,16.0,0.0,,,,,,,2,77,10,0.7,9,1,,16.0,0.0,,,3,2,2,No feedback,2,77,10,0.7,10,,,,,,,,,,,,,,,,,,,,,,,,,,,,,,,,,,,,,,,,,,,,,,,,,,,,,,,,,,,,,,,,,,,,,,,,,,,,,,,,,,,,,,,,,,,,,,,,,,,,,,,,,,,,,,,,,,,,,,,,,,,,,,,,,,,,,,,,,,,,,,,,,,,,,,
4,v9stxu0i,,0,100,100,fgiftex,Thanks,2024-03-30 00:48:21.149929,1,,,622.0,622.0,,,,,,,mhhoc8nt,,,,,0,0.0,fgiftex,1.0,2,,44.0,0.0,3,8,,,,,2,50,6,0.5,1,2,,52.0,0.0,,,,,,,2,60,8,0.6,2,2,,60.0,0.0,,,,,,,2,70,10,0.7,3,2,,65.0,0.0,,,,,,,2,75,10,0.7,4,2,,66.0,0.0,,,,,,,2,76,10,0.7,5,2,,67.0,0.0,,,,,,,2,77,10,0.7,6,2,,67.0,0.0,,,,,,,2,77,10,0.7,7,2,,67.0,0.0,,,,,,,2,77,10,0.7,8,2,,67.0,0.0,,,,,,,2,77,10,0.7,9,2,,67.0,0.0,,,3,2,2,The experiment and survey methodology provide insightful approaches to understanding decision-making in controlled economic games.,2,77,10,0.7,10,,,,,,,,,,,,,,,,,,,,,,,,,,,,,,,,,,,,,,,,,,,,,,,,,,,,,,,,,,,,,,,,,,,,,,,,,,,,,,,,,,,,,,,,,,,,,,,,,,,,,,,,,,,,,,,,,,,,,,,,,,,,,,,,,,,,,,,,,,,,,,,,,,,,,,
5,7ima8s51,,0,100,100,fgiftex,Thanks,2024-03-30 00:48:21.122628,1,,,116.0,116.0,,,,,,,mhhoc8nt,,,,,0,0.0,fgiftex,1.0,1,,25.0,0.0,97,8,,,,,3,50,6,0.5,1,1,,25.0,0.0,,,,,,,3,50,6,0.5,2,1,,20.0,0.0,,,,,,,3,60,6,0.5,3,1,,15.0,0.0,,,,,,,3,70,6,0.5,4,1,,10.0,0.0,,,,,,,3,80,6,0.5,5,1,,7.0,0.0,,,,,,,3,85,6,0.5,6,1,,5.0,0.0,,,,,,,3,90,6,0.5,7,1,,4.0,0.0,,,,,,,3,92,6,0.5,8,1,,3.0,0.0,,,,,,,3,94,6,0.5,9,1,,2.0,0.0,,,3,2,2,No feedback,3,95,6,0.5,10,,,,,,,,,,,,,,,,,,,,,,,,,,,,,,,,,,,,,,,,,,,,,,,,,,,,,,,,,,,,,,,,,,,,,,,,,,,,,,,,,,,,,,,,,,,,,,,,,,,,,,,,,,,,,,,,,,,,,,,,,,,,,,,,,,,,,,,,,,,,,,,,,,,,,,
6,42156qjq,,0,100,100,fgiftex,Thanks,2024-03-30 00:48:21.422033,1,,,706.0,706.0,,,,,,,mhhoc8nt,,,,,0,0.0,fgiftex,1.0,2,,44.0,0.0,63,8,,,,,3,50,6,0.5,1,2,,44.0,0.0,,,,,,,3,50,6,0.5,2,2,,54.0,0.0,,,,,,,3,60,6,0.5,3,2,,64.0,0.0,,,,,,,3,70,6,0.5,4,2,,74.0,0.0,,,,,,,3,80,6,0.5,5,2,,79.0,0.0,,,,,,,3,85,6,0.5,6,2,,84.0,0.0,,,,,,,3,90,6,0.5,7,2,,86.0,0.0,,,,,,,3,92,6,0.5,8,2,,88.0,0.0,,,,,,,3,94,6,0.5,9,2,,89.0,0.0,,,3,2,1,No specific feedback,3,95,6,0.5,10,,,,,,,,,,,,,,,,,,,,,,,,,,,,,,,,,,,,,,,,,,,,,,,,,,,,,,,,,,,,,,,,,,,,,,,,,,,,,,,,,,,,,,,,,,,,,,,,,,,,,,,,,,,,,,,,,,,,,,,,,,,,,,,,,,,,,,,,,,,,,,,,,,,,,,
7,5w2l98bx,,0,100,100,fgiftex,Thanks,2024-03-30 00:48:22.633709,1,,,162.0,162.0,,,,,,,mhhoc8nt,,,,,0,0.0,fgiftex,1.0,1,,36.0,0.0,27,8,,,,,4,40,8,0.6,1,1,,30.0,0.0,,,,,,,4,50,8,0.6,2,1,,24.0,0.0,,,,,,,4,60,8,0.6,3,1,,21.0,0.0,,,,,,,4,70,10,0.7,4,1,,17.0,0.0,,,,,,,4,75,10,0.7,5,1,,14.0,0.0,,,,,,,4,80,10,0.7,6,1,,10.0,0.0,,,,,,,4,85,10,0.7,7,1,,7.0,0.0,,,,,,,4,90,10,0.7,8,1,,3.0,0.0,,,,,,,4,95,10,0.7,9,1,,0.0,0.0,,,3,2,2,,4,100,10,0.7,10,,,,,,,,,,,,,,,,,,,,,,,,,,,,,,,,,,,,,,,,,,,,,,,,,,,,,,,,,,,,,,,,,,,,,,,,,,,,,,,,,,,,,,,,,,,,,,,,,,,,,,,,,,,,,,,,,,,,,,,,,,,,,,,,,,,,,,,,,,,,,,,,,,,,,,
8,jdxqi0rq,,0,100,100,fgiftex,Thanks,2024-03-30 00:48:21.306648,1,,,651.0,651.0,,,,,,,mhhoc8nt,,,,,0,0.0,fgiftex,1.0,2,,32.0,0.0,27,8,,,,,4,40,8,0.6,1,2,,42.0,0.0,,,,,,,4,50,8,0.6,2,2,,52.0,0.0,,,,,,,4,60,8,0.6,3,2,,60.0,0.0,,,,,,,4,70,10,0.7,4,2,,65.0,0.0,,,,,,,4,75,10,0.7,5,2,,70.0,0.0,,,,,,,4,80,10,0.7,6,2,,75.0,0.0,,,,,,,4,85,10,0.7,7,2,,80.0,0.0,,,,,,,4,90,10,0.7,8,2,,85.0,0.0,,,,,,,4,95,10,0.7,9,2,,90.0,0.0,,,3,2,2,"The experiment effectively illustrates the relationship between manager effort, compensation, and firm value. More variance in effort costs and compensation adjustments could provide deeper insights.",4,100,10,0.7,10,,,,,,,,,,,,,,,,,,,,,,,,,,,,,,,,,,,,,,,,,,,,,,,,,,,,,,,,,,,,,,,,,,,,,,,,,,,,,,,,,,,,,,,,,,,,,,,,,,,,,,,,,,,,,,,,,,,,,,,,,,,,,,,,,,,,,,,,,,,,,,,,,,,,,,
9,sawz9m3f,,0,100,100,fgiftex,Thanks,2024-03-30 00:48:22.642717,1,,,275.0,275.0,,,,,,,mhhoc8nt,,,,,0,0.0,fgiftex,1.0,1,,25.0,0.0,0,8,,,,,5,50,6,0.5,1,1,,25.0,0.0,,,,,,,5,50,6,0.5,2,1,,25.0,0.0,,,,,,,5,50,6,0.5,3,1,,25.0,0.0,,,,,,,5,50,6,0.5,4,1,,25.0,0.0,,,,,,,5,50,6,0.5,5,1,,25.0,0.0,,,,,,,5,50,6,0.5,6,1,,25.0,0.0,,,,,,,5,50,6,0.5,7,1,,30.0,0.0,,,,,,,5,50,8,0.6,8,1,,35.0,0.0,,,,,,,5,50,10,0.7,9,1,,35.0,0.0,,,3,2,2,N/A,5,50,10,0.7,10,,,,,,,,,,,,,,,,,,,,,,,,,,,,,,,,,,,,,,,,,,,,,,,,,,,,,,,,,,,,,,,,,,,,,,,,,,,,,,,,,,,,,,,,,,,,,,,,,,,,,,,,,,,,,,,,,,,,,,,,,,,,,,,,,,,,,,,,,,,,,,,,,,,,,,
10,jq1s742t,,0,100,100,fgiftex,Thanks,2024-03-30 00:48:21.135878,1,,,430.0,430.0,,,,,,,mhhoc8nt,,,,,0,0.0,fgiftex,1.0,2,,44.0,0.0,3,8,,,,,5,50,6,0.5,1,2,,44.0,0.0,,,,,,,5,50,6,0.5,2,2,,44.0,0.0,,,,,,,5,50,6,0.5,3,2,,44.0,0.0,,,,,,,5,50,6,0.5,4,2,,44.0,0.0,,,,,,,5,50,6,0.5,5,2,,44.0,0.0,,,,,,,5,50,6,0.5,6,2,,44.0,0.0,,,,,,,5,50,6,0.5,7,2,,42.0,0.0,,,,,,,5,50,8,0.6,8,2,,40.0,0.0,,,,,,,5,50,10,0.7,9,2,,40.0,0.0,,,3,2,1,"No specific feedback, but appreciated the clarity of the experiment instructions and its engaging nature.",5,50,10,0.7,10,,,,,,,,,,,,,,,,,,,,,,,,,,,,,,,,,,,,,,,,,,,,,,,,,,,,,,,,,,,,,,,,,,,,,,,,,,,,,,,,,,,,,,,,,,,,,,,,,,,,,,,,,,,,,,,,,,,,,,,,,,,,,,,,,,,,,,,,,,,,,,,,,,,,,,
1,2lohllwc,,0,100,100,giftex,Thanks,2024-03-30 00:55:31.691578,1,,,222.0,222.0,,,,,,,111r7aeu,,,,,0,0.0,giftex,1.0,,,,,,,,,,,,,,,,,,,,,,,,,,,,,,,,,,,,,,,,,,,,,,,,,,,,,,,,,,,,,,,,,,,,,,,,,,,,,,,,,,,,,,,,,,,,,,,,,,,,,,,,,,,,,,,,,,,,,,,,,,,,,,,,,,,,,,,,,,,,,,,,,,,,,,,1,,35.0,0.0,93,8,,,,,1,50,10,0.7,1,1,,32.0,0.0,,,,,,,1,60,12,0.8,2,1,,27.0,0.0,,,,,,,1,70,15,0.9,3,1,,20.0,0.0,,,,,,,1,75,12,0.8,4,1,,16.0,0.0,,,,,,,1,80,12,0.8,5,1,,12.0,0.0,,,,,,,1,85,12,0.8,6,1,,20.0,0.0,,,,,,,1,75,12,0.8,7,1,,20.0,0.0,,,,,,,1,75,12,0.8,8,1,,20.0,0.0,,,,,,,1,75,12,0.8,9,1,,20.0,0.0,,,3,2,2,"No specific feedback, but the experiment provided clear insights into decision-making and strategic interaction between participants.",1,75,12,0.8,10
2,7s1oyaep,,0,100,100,giftex,Thanks,2024-03-30 00:55:31.738316,1,,,599.0,599.0,,,,,,,111r7aeu,,,,,0,0.0,giftex,1.0,,,,,,,,,,,,,,,,,,,,,,,,,,,,,,,,,,,,,,,,,,,,,,,,,,,,,,,,,,,,,,,,,,,,,,,,,,,,,,,,,,,,,,,,,,,,,,,,,,,,,,,,,,,,,,,,,,,,,,,,,,,,,,,,,,,,,,,,,,,,,,,,,,,,,,,2,,40.0,0.0,63,8,,,,,1,50,10,0.7,1,2,,48.0,0.0,,,,,,,1,60,12,0.8,2,2,,55.0,0.0,,,,,,,1,70,15,0.9,3,2,,63.0,0.0,,,,,,,1,75,12,0.8,4,2,,68.0,0.0,,,,,,,1,80,12,0.8,5,2,,73.0,0.0,,,,,,,1,85,12,0.8,6,2,,63.0,0.0,,,,,,,1,75,12,0.8,7,2,,63.0,0.0,,,,,,,1,75,12,0.8,8,2,,63.0,0.0,,,,,,,1,75,12,0.8,9,2,,63.0,0.0,,,3,2,2,No specific feedback,1,75,12,0.8,10
3,1ejlrsaj,,0,100,100,giftex,Thanks,2024-03-30 00:55:31.680670,1,,,300.0,300.0,,,,,,,111r7aeu,,,,,0,0.0,giftex,1.0,,,,,,,,,,,,,,,,,,,,,,,,,,,,,,,,,,,,,,,,,,,,,,,,,,,,,,,,,,,,,,,,,,,,,,,,,,,,,,,,,,,,,,,,,,,,,,,,,,,,,,,,,,,,,,,,,,,,,,,,,,,,,,,,,,,,,,,,,,,,,,,,,,,,,,,1,,25.0,0.0,91,8,,,,,2,50,6,0.5,1,1,,30.0,0.0,,,,,,,2,50,8,0.6,2,1,,35.0,0.0,,,,,,,2,50,10,0.7,3,1,,30.0,0.0,,,,,,,2,50,8,0.6,4,1,,30.0,0.0,,,,,,,2,50,8,0.6,5,1,,30.0,0.0,,,,,,,2,50,8,0.6,6,1,,30.0,0.0,,,,,,,2,50,8,0.6,7,1,,30.0,0.0,,,,,,,2,50,8,0.6,8,1,,30.0,0.0,,,,,,,2,50,8,0.6,9,1,,30.0,0.0,,,3,2,1,The experiment provides valuable insights into decision-making processes and how various factors influence each other over time.,2,50,8,0.6,10
4,s3yfh750,,0,100,100,giftex,Thanks,2024-03-30 00:55:30.589570,1,,,420.0,420.0,,,,,,,111r7aeu,,,,,0,0.0,giftex,1.0,,,,,,,,,,,,,,,,,,,,,,,,,,,,,,,,,,,,,,,,,,,,,,,,,,,,,,,,,,,,,,,,,,,,,,,,,,,,,,,,,,,,,,,,,,,,,,,,,,,,,,,,,,,,,,,,,,,,,,,,,,,,,,,,,,,,,,,,,,,,,,,,,,,,,,,2,,44.0,0.0,93,8,,,,,2,50,6,0.5,1,2,,42.0,0.0,,,,,,,2,50,8,0.6,2,2,,40.0,0.0,,,,,,,2,50,10,0.7,3,2,,42.0,0.0,,,,,,,2,50,8,0.6,4,2,,42.0,0.0,,,,,,,2,50,8,0.6,5,2,,42.0,0.0,,,,,,,2,50,8,0.6,6,2,,42.0,0.0,,,,,,,2,50,8,0.6,7,2,,42.0,0.0,,,,,,,2,50,8,0.6,8,2,,42.0,0.0,,,,,,,2,50,8,0.6,9,2,,42.0,0.0,,,3,2,1,The experiment provided valuable insights into decision-making and strategy optimization in cooperative settings. It would be interesting to explore the effects of varying the multiplier or the effort costs in future experiments.,2,50,8,0.6,10
5,5n08ky7e,,0,100,100,giftex,Thanks,2024-03-30 00:55:31.710915,1,,,344.0,344.0,,,,,,,111r7aeu,,,,,0,0.0,giftex,1.0,,,,,,,,,,,,,,,,,,,,,,,,,,,,,,,,,,,,,,,,,,,,,,,,,,,,,,,,,,,,,,,,,,,,,,,,,,,,,,,,,,,,,,,,,,,,,,,,,,,,,,,,,,,,,,,,,,,,,,,,,,,,,,,,,,,,,,,,,,,,,,,,,,,,,,,1,,25.0,0.0,27,8,,,,,3,50,6,0.5,1,1,,30.0,0.0,,,,,,,3,40,6,0.5,2,1,,32.0,0.0,,,,,,,3,35,6,0.5,3,1,,25.0,0.0,,,,,,,3,50,6,0.5,4,1,,35.0,0.0,,,,,,,3,30,6,0.5,5,1,,37.0,0.0,,,,,,,3,25,6,0.5,6,1,,40.0,0.0,,,,,,,3,20,6,0.5,7,1,,40.0,0.0,,,,,,,3,20,6,0.5,8,1,,40.0,0.0,,,,,,,3,20,6,0.5,9,1,,40.0,0.0,,,3,2,2,The experiment was insightful in understanding strategic decision-making processes.,3,20,6,0.5,10
6,xs25wmbn,,0,100,100,giftex,Thanks,2024-03-30 00:55:31.630345,1,,,250.0,250.0,,,,,,,111r7aeu,,,,,0,0.0,giftex,1.0,,,,,,,,,,,,,,,,,,,,,,,,,,,,,,,,,,,,,,,,,,,,,,,,,,,,,,,,,,,,,,,,,,,,,,,,,,,,,,,,,,,,,,,,,,,,,,,,,,,,,,,,,,,,,,,,,,,,,,,,,,,,,,,,,,,,,,,,,,,,,,,,,,,,,,,2,,44.0,0.0,81,98,,,,,3,50,6,0.5,1,2,,34.0,0.0,,,,,,,3,40,6,0.5,2,2,,29.0,0.0,,,,,,,3,35,6,0.5,3,2,,44.0,0.0,,,,,,,3,50,6,0.5,4,2,,24.0,0.0,,,,,,,3,30,6,0.5,5,2,,19.0,0.0,,,,,,,3,25,6,0.5,6,2,,14.0,0.0,,,,,,,3,20,6,0.5,7,2,,14.0,0.0,,,,,,,3,20,6,0.5,8,2,,14.0,0.0,,,,,,,3,20,6,0.5,9,2,,14.0,0.0,,,3,2,1,"The experiment was insightful, offering a clear view into decision making and strategic interactions between participants.",3,20,6,0.5,10
7,erfxdwbf,,0,100,100,giftex,Thanks,2024-03-30 00:55:31.897496,1,,,215.0,215.0,,,,,,,111r7aeu,,,,,0,0.0,giftex,1.0,,,,,,,,,,,,,,,,,,,,,,,,,,,,,,,,,,,,,,,,,,,,,,,,,,,,,,,,,,,,,,,,,,,,,,,,,,,,,,,,,,,,,,,,,,,,,,,,,,,,,,,,,,,,,,,,,,,,,,,,,,,,,,,,,,,,,,,,,,,,,,,,,,,,,,,1,,35.0,0.0,63,8,,,,,4,50,10,0.7,1,1,,27.0,0.0,,,,,,,4,55,8,0.6,2,1,,16.0,0.0,,,,,,,4,60,4,0.4,3,1,,15.0,0.0,,,,,,,4,70,6,0.5,4,1,,15.0,0.0,,,,,,,4,75,8,0.6,5,1,,12.0,0.0,,,,,,,4,80,8,0.6,6,1,,18.0,0.0,,,,,,,4,70,8,0.6,7,1,,15.0,0.0,,,,,,,4,75,8,0.6,8,1,,30.0,0.0,,,,,,,4,50,8,0.6,9,1,,32.0,0.0,,,3,2,1,The experiment was engaging and offered insights into strategic interactive decision-making. A clearer explanation of the multiplier effect and how effort cost translates into benefits would enhance understanding.,4,20,4,0.4,10
8,rx0885ot,,0,100,100,giftex,Thanks,2024-03-30 00:55:31.419530,1,,,533.0,533.0,,,,,,,111r7aeu,,,,,0,0.0,giftex,1.0,,,,,,,,,,,,,,,,,,,,,,,,,,,,,,,,,,,,,,,,,,,,,,,,,,,,,,,,,,,,,,,,,,,,,,,,,,,,,,,,,,,,,,,,,,,,,,,,,,,,,,,,,,,,,,,,,,,,,,,,,,,,,,,,,,,,,,,,,,,,,,,,,,,,,,,2,,40.0,0.0,63,8,,,,,4,50,10,0.7,1,2,,47.0,0.0,,,,,,,4,55,8,0.6,2,2,,56.0,0.0,,,,,,,4,60,4,0.4,3,2,,64.0,0.0,,,,,,,4,70,6,0.5,4,2,,67.0,0.0,,,,,,,4,75,8,0.6,5,2,,72.0,0.0,,,,,,,4,80,8,0.6,6,2,,62.0,0.0,,,,,,,4,70,8,0.6,7,2,,67.0,0.0,,,,,,,4,75,8,0.6,8,2,,42.0,0.0,,,,,,,4,50,8,0.6,9,2,,16.0,0.0,,,3,2,1,The experiment provided insightful observations on strategic decision-making and the dynamics of competitive versus cooperative behavior in wealth accumulation scenarios.,4,20,4,0.4,10
9,vqu0mw02,,0,100,100,giftex,Thanks,2024-03-30 00:55:31.621349,1,,,300.0,300.0,,,,,,,111r7aeu,,,,,0,0.0,giftex,1.0,,,,,,,,,,,,,,,,,,,,,,,,,,,,,,,,,,,,,,,,,,,,,,,,,,,,,,,,,,,,,,,,,,,,,,,,,,,,,,,,,,,,,,,,,,,,,,,,,,,,,,,,,,,,,,,,,,,,,,,,,,,,,,,,,,,,,,,,,,,,,,,,,,,,,,,1,,30.0,0.0,3,8,,,,,5,50,8,0.6,1,1,,30.0,0.0,,,,,,,5,50,8,0.6,2,1,,30.0,0.0,,,,,,,5,50,8,0.6,3,1,,30.0,0.0,,,,,,,5,50,8,0.6,4,1,,30.0,0.0,,,,,,,5,50,8,0.6,5,1,,30.0,0.0,,,,,,,5,50,8,0.6,6,1,,30.0,0.0,,,,,,,5,50,8,0.6,7,1,,30.0,0.0,,,,,,,5,50,8,0.6,8,1,,30.0,0.0,,,,,,,5,50,8,0.6,9,1,,30.0,0.0,,,3,2,1,The experiment was engaging and offered insights into decision-making and consequences of shared resources which could be further explored with variations in participant strategies.,5,50,8,0.6,10
10,dxnibr3g,,0,100,100,giftex,Thanks,2024-03-30 00:55:31.895061,1,,,420.0,420.0,,,,,,,111r7aeu,,,,,0,0.0,giftex,1.0,,,,,,,,,,,,,,,,,,,,,,,,,,,,,,,,,,,,,,,,,,,,,,,,,,,,,,,,,,,,,,,,,,,,,,,,,,,,,,,,,,,,,,,,,,,,,,,,,,,,,,,,,,,,,,,,,,,,,,,,,,,,,,,,,,,,,,,,,,,,,,,,,,,,,,,2,,42.0,0.0,27,8,,,,,5,50,8,0.6,1,2,,42.0,0.0,,,,,,,5,50,8,0.6,2,2,,42.0,0.0,,,,,,,5,50,8,0.6,3,2,,42.0,0.0,,,,,,,5,50,8,0.6,4,2,,42.0,0.0,,,,,,,5,50,8,0.6,5,2,,42.0,0.0,,,,,,,5,50,8,0.6,6,2,,42.0,0.0,,,,,,,5,50,8,0.6,7,2,,42.0,0.0,,,,,,,5,50,8,0.6,8,2,,42.0,0.0,,,,,,,5,50,8,0.6,9,2,,42.0,0.0,,,3,2,1,"The experiment was engaging, and the strategy of balancing payoffs between participants was insightful. A clearer explanation of the multipliers' role could enhance understanding.",5,50,8,0.6,10
1,s527ygos,,0,100,100,fgiftex,Thanks,2024-03-30 01:04:37.160950,1,,,147.0,147.0,,,,,,,r6yewo8y,,,,,0,0.0,fgiftex,1.0,1,,20.0,0.0,8,8,,,,,1,50,4,0.4,1,1,,16.0,0.0,,,,,,,1,60,4,0.4,2,1,,15.0,0.0,,,,,,,1,70,6,0.5,3,1,,12.0,0.0,,,,,,,1,80,8,0.6,4,1,,9.0,0.0,,,,,,,1,85,8,0.6,5,1,,15.0,0.0,,,,,,,1,75,8,0.6,6,1,,12.0,0.0,,,,,,,1,80,8,0.6,7,1,,18.0,0.0,,,,,,,1,70,8,0.6,8,1,,15.0,0.0,,,,,,,1,75,8,0.6,9,1,,15.0,0.0,,,3,2,1,The balance between incentivizing the manager and ensuring the board's prosperity was particularly engaging. Perhaps a deeper dive into different compensation structures and their impact on effort and payoff could offer more insights.,1,75,8,0.6,10,,,,,,,,,,,,,,,,,,,,,,,,,,,,,,,,,,,,,,,,,,,,,,,,,,,,,,,,,,,,,,,,,,,,,,,,,,,,,,,,,,,,,,,,,,,,,,,,,,,,,,,,,,,,,,,,,,,,,,,,,,,,,,,,,,,,,,,,,,,,,,,,,,,,,,
2,ch9zbeq5,,0,100,100,fgiftex,Thanks,2024-03-30 01:04:37.243778,1,,,650.0,650.0,,,,,,,r6yewo8y,,,,,0,0.0,fgiftex,1.0,2,,46.0,0.0,27,8,,,,,1,50,4,0.4,1,2,,56.0,0.0,,,,,,,1,60,4,0.4,2,2,,64.0,0.0,,,,,,,1,70,6,0.5,3,2,,72.0,0.0,,,,,,,1,80,8,0.6,4,2,,77.0,0.0,,,,,,,1,85,8,0.6,5,2,,67.0,0.0,,,,,,,1,75,8,0.6,6,2,,72.0,0.0,,,,,,,1,80,8,0.6,7,2,,62.0,0.0,,,,,,,1,70,8,0.6,8,2,,67.0,0.0,,,,,,,1,75,8,0.6,9,2,,67.0,0.0,,,3,2,1,,1,75,8,0.6,10,,,,,,,,,,,,,,,,,,,,,,,,,,,,,,,,,,,,,,,,,,,,,,,,,,,,,,,,,,,,,,,,,,,,,,,,,,,,,,,,,,,,,,,,,,,,,,,,,,,,,,,,,,,,,,,,,,,,,,,,,,,,,,,,,,,,,,,,,,,,,,,,,,,,,,
3,n5lw01yy,,0,100,100,fgiftex,Thanks,2024-03-30 01:04:37.056158,1,,,267.0,267.0,,,,,,,r6yewo8y,,,,,0,0.0,fgiftex,1.0,1,,30.0,0.0,69,8,,,,,2,50,8,0.6,1,1,,33.0,0.0,,,,,,,2,45,8,0.6,2,1,,36.0,0.0,,,,,,,2,40,8,0.6,3,1,,33.0,0.0,,,,,,,2,45,8,0.6,4,1,,30.0,0.0,,,,,,,2,50,8,0.6,5,1,,27.0,0.0,,,,,,,2,55,8,0.6,6,1,,24.0,0.0,,,,,,,2,60,8,0.6,7,1,,21.0,0.0,,,,,,,2,65,8,0.6,8,1,,18.0,0.0,,,,,,,2,70,8,0.6,9,1,,15.0,0.0,,,3,2,2,This experiment provided interesting insights into the dynamics of management compensation and its effects on firm value and respective participant payoffs. It was an engaging way to understand the consequences of financial decisions in a controlled environment.,2,75,8,0.6,10,,,,,,,,,,,,,,,,,,,,,,,,,,,,,,,,,,,,,,,,,,,,,,,,,,,,,,,,,,,,,,,,,,,,,,,,,,,,,,,,,,,,,,,,,,,,,,,,,,,,,,,,,,,,,,,,,,,,,,,,,,,,,,,,,,,,,,,,,,,,,,,,,,,,,,
4,b5fva29w,,0,100,100,fgiftex,Thanks,2024-03-30 01:04:37.113927,1,,,475.0,475.0,,,,,,,r6yewo8y,,,,,0,0.0,fgiftex,1.0,2,,42.0,0.0,27,8,,,,,2,50,8,0.6,1,2,,37.0,0.0,,,,,,,2,45,8,0.6,2,2,,32.0,0.0,,,,,,,2,40,8,0.6,3,2,,37.0,0.0,,,,,,,2,45,8,0.6,4,2,,42.0,0.0,,,,,,,2,50,8,0.6,5,2,,47.0,0.0,,,,,,,2,55,8,0.6,6,2,,52.0,0.0,,,,,,,2,60,8,0.6,7,2,,57.0,0.0,,,,,,,2,65,8,0.6,8,2,,62.0,0.0,,,,,,,2,70,8,0.6,9,2,,67.0,0.0,,,3,2,2,"The experiment provides insightful observations on how compensation adjustments can influence managerial effort and subsequently, the performance outcomes of both the manager and the supervisory board. It would be interesting to explore how different levels of compensation interact with various effort costs across a wider range of scenarios.",2,75,8,0.6,10,,,,,,,,,,,,,,,,,,,,,,,,,,,,,,,,,,,,,,,,,,,,,,,,,,,,,,,,,,,,,,,,,,,,,,,,,,,,,,,,,,,,,,,,,,,,,,,,,,,,,,,,,,,,,,,,,,,,,,,,,,,,,,,,,,,,,,,,,,,,,,,,,,,,,,
5,iqxtughh,,0,100,100,fgiftex,Thanks,2024-03-30 01:04:37.356149,1,,,161.0,161.0,,,,,,,r6yewo8y,,,,,0,0.0,fgiftex,1.0,1,,35.0,0.0,7,8,,,,,3,50,10,0.7,1,1,,24.0,0.0,,,,,,,3,60,8,0.6,2,1,,15.0,0.0,,,,,,,3,70,6,0.5,3,1,,15.0,0.0,,,,,,,3,75,8,0.6,4,1,,12.0,0.0,,,,,,,3,80,8,0.6,5,1,,10.0,0.0,,,,,,,3,85,10,0.7,6,1,,10.0,0.0,,,,,,,3,85,10,0.7,7,1,,12.0,0.0,,,,,,,3,85,12,0.8,8,1,,13.0,0.0,,,,,,,3,85,15,0.9,9,1,,15.0,0.0,,,3,2,1,"The experiment provides a valuable insight into compensation dynamics and effort investment. However, more details on how effort cost and multiples are determined would offer deeper understanding.",3,85,18,1.0,10,,,,,,,,,,,,,,,,,,,,,,,,,,,,,,,,,,,,,,,,,,,,,,,,,,,,,,,,,,,,,,,,,,,,,,,,,,,,,,,,,,,,,,,,,,,,,,,,,,,,,,,,,,,,,,,,,,,,,,,,,,,,,,,,,,,,,,,,,,,,,,,,,,,,,,
6,hovjcv05,,0,100,100,fgiftex,Thanks,2024-03-30 01:04:37.239925,1,,,655.0,655.0,,,,,,,r6yewo8y,,,,,0,0.0,fgiftex,1.0,2,,40.0,0.0,63,8,,,,,3,50,10,0.7,1,2,,52.0,0.0,,,,,,,3,60,8,0.6,2,2,,64.0,0.0,,,,,,,3,70,6,0.5,3,2,,67.0,0.0,,,,,,,3,75,8,0.6,4,2,,72.0,0.0,,,,,,,3,80,8,0.6,5,2,,75.0,0.0,,,,,,,3,85,10,0.7,6,2,,75.0,0.0,,,,,,,3,85,10,0.7,7,2,,73.0,0.0,,,,,,,3,85,12,0.8,8,2,,70.0,0.0,,,,,,,3,85,15,0.9,9,2,,67.0,0.0,,,3,2,2,No feedback,3,85,18,1.0,10,,,,,,,,,,,,,,,,,,,,,,,,,,,,,,,,,,,,,,,,,,,,,,,,,,,,,,,,,,,,,,,,,,,,,,,,,,,,,,,,,,,,,,,,,,,,,,,,,,,,,,,,,,,,,,,,,,,,,,,,,,,,,,,,,,,,,,,,,,,,,,,,,,,,,,
7,xart588i,,0,100,100,fgiftex,Thanks,2024-03-30 01:04:37.233781,1,,,230.0,230.0,,,,,,,r6yewo8y,,,,,0,0.0,fgiftex,1.0,1,,30.0,0.0,27,8,,,,,4,50,8,0.6,1,1,,31.0,0.0,,,,,,,4,55,10,0.7,2,1,,32.0,0.0,,,,,,,4,60,12,0.8,3,1,,31.0,0.0,,,,,,,4,65,15,0.9,4,1,,21.0,0.0,,,,,,,4,70,10,0.7,5,1,,17.0,0.0,,,,,,,4,75,10,0.7,6,1,,17.0,0.0,,,,,,,4,75,10,0.7,7,1,,17.0,0.0,,,,,,,4,75,10,0.7,8,1,,17.0,0.0,,,,,,,4,75,10,0.7,9,1,,17.0,0.0,,,3,2,1,The experiment was insightful and engaging. It would be interesting to see how different compensation structures affect managerial decisions in a wider range of scenarios.,4,75,10,0.7,10,,,,,,,,,,,,,,,,,,,,,,,,,,,,,,,,,,,,,,,,,,,,,,,,,,,,,,,,,,,,,,,,,,,,,,,,,,,,,,,,,,,,,,,,,,,,,,,,,,,,,,,,,,,,,,,,,,,,,,,,,,,,,,,,,,,,,,,,,,,,,,,,,,,,,,
8,amlnvrth,,0,100,100,fgiftex,Thanks,2024-03-30 01:04:37.067457,1,,,570.0,570.0,,,,,,,r6yewo8y,,,,,0,0.0,fgiftex,1.0,2,,42.0,0.0,27,8,,,,,4,50,8,0.6,1,2,,45.0,0.0,,,,,,,4,55,10,0.7,2,2,,48.0,0.0,,,,,,,4,60,12,0.8,3,2,,50.0,0.0,,,,,,,4,65,15,0.9,4,2,,60.0,0.0,,,,,,,4,70,10,0.7,5,2,,65.0,0.0,,,,,,,4,75,10,0.7,6,2,,65.0,0.0,,,,,,,4,75,10,0.7,7,2,,65.0,0.0,,,,,,,4,75,10,0.7,8,2,,65.0,0.0,,,,,,,4,75,10,0.7,9,2,,65.0,0.0,,,3,2,1,Thank you for the engaging and thought-provoking experiment.,4,75,10,0.7,10,,,,,,,,,,,,,,,,,,,,,,,,,,,,,,,,,,,,,,,,,,,,,,,,,,,,,,,,,,,,,,,,,,,,,,,,,,,,,,,,,,,,,,,,,,,,,,,,,,,,,,,,,,,,,,,,,,,,,,,,,,,,,,,,,,,,,,,,,,,,,,,,,,,,,,
9,3m8p666e,,0,100,100,fgiftex,Thanks,2024-03-30 01:04:37.156037,1,,,182.0,182.0,,,,,,,r6yewo8y,,,,,0,0.0,fgiftex,1.0,1,,35.0,0.0,3,8,,,,,5,50,10,0.7,1,1,,22.0,0.0,,,,,,,5,55,6,0.5,2,1,,24.0,0.0,,,,,,,5,60,8,0.6,3,1,,24.0,0.0,,,,,,,5,65,10,0.7,4,1,,18.0,0.0,,,,,,,5,70,8,0.6,5,1,,15.0,0.0,,,,,,,5,75,8,0.6,6,1,,13.0,0.0,,,,,,,5,78,8,0.6,7,1,,12.0,0.0,,,,,,,5,80,8,0.6,8,1,,10.0,0.0,,,,,,,5,82,8,0.6,9,1,,9.0,0.0,,,3,2,2,No specific feedback.,5,84,8,0.6,10,,,,,,,,,,,,,,,,,,,,,,,,,,,,,,,,,,,,,,,,,,,,,,,,,,,,,,,,,,,,,,,,,,,,,,,,,,,,,,,,,,,,,,,,,,,,,,,,,,,,,,,,,,,,,,,,,,,,,,,,,,,,,,,,,,,,,,,,,,,,,,,,,,,,,,
10,e37bimxi,,0,100,100,fgiftex,Thanks,2024-03-30 01:04:37.116579,1,,,617.0,617.0,,,,,,,r6yewo8y,,,,,0,0.0,fgiftex,1.0,2,,40.0,0.0,27,8,,,,,5,50,10,0.7,1,2,,49.0,0.0,,,,,,,5,55,6,0.5,2,2,,52.0,0.0,,,,,,,5,60,8,0.6,3,2,,55.0,0.0,,,,,,,5,65,10,0.7,4,2,,62.0,0.0,,,,,,,5,70,8,0.6,5,2,,67.0,0.0,,,,,,,5,75,8,0.6,6,2,,70.0,0.0,,,,,,,5,78,8,0.6,7,2,,72.0,0.0,,,,,,,5,80,8,0.6,8,2,,74.0,0.0,,,,,,,5,82,8,0.6,9,2,,76.0,0.0,,,3,2,1,The experiment was engaging and provided insight into decision-making strategies and their impacts on both individual and collective outcomes.,5,84,8,0.6,10,,,,,,,,,,,,,,,,,,,,,,,,,,,,,,,,,,,,,,,,,,,,,,,,,,,,,,,,,,,,,,,,,,,,,,,,,,,,,,,,,,,,,,,,,,,,,,,,,,,,,,,,,,,,,,,,,,,,,,,,,,,,,,,,,,,,,,,,,,,,,,,,,,,,,,
1,3it4ouye,,0,100,100,giftex,Thanks,2024-03-30 01:12:21.356038,1,,,485.0,485.0,,,,,,,ho9ftn64,,,,,0,0.0,giftex,1.0,,,,,,,,,,,,,,,,,,,,,,,,,,,,,,,,,,,,,,,,,,,,,,,,,,,,,,,,,,,,,,,,,,,,,,,,,,,,,,,,,,,,,,,,,,,,,,,,,,,,,,,,,,,,,,,,,,,,,,,,,,,,,,,,,,,,,,,,,,,,,,,,,,,,,,,1,,45.0,0.0,81,8,,,,,1,10,6,0.5,1,1,,52.0,0.0,,,,,,,1,12,8,0.6,2,1,,51.0,0.0,,,,,,,1,15,8,0.6,3,1,,49.0,0.0,,,,,,,1,18,8,0.6,4,1,,48.0,0.0,,,,,,,1,20,8,0.6,5,1,,48.0,0.0,,,,,,,1,20,8,0.6,6,1,,48.0,0.0,,,,,,,1,20,8,0.6,7,1,,48.0,0.0,,,,,,,1,20,8,0.6,8,1,,48.0,0.0,,,,,,,1,20,8,0.6,9,1,,48.0,0.0,,,3,2,1,No specific feedback,1,20,8,0.6,10
2,f0u6m022,,0,100,100,giftex,Thanks,2024-03-30 01:12:21.143344,1,,,97.0,97.0,,,,,,,ho9ftn64,,,,,0,0.0,giftex,1.0,,,,,,,,,,,,,,,,,,,,,,,,,,,,,,,,,,,,,,,,,,,,,,,,,,,,,,,,,,,,,,,,,,,,,,,,,,,,,,,,,,,,,,,,,,,,,,,,,,,,,,,,,,,,,,,,,,,,,,,,,,,,,,,,,,,,,,,,,,,,,,,,,,,,,,,2,,4.0,0.0,93,8,,,,,1,10,6,0.5,1,2,,4.0,0.0,,,,,,,1,12,8,0.6,2,2,,7.0,0.0,,,,,,,1,15,8,0.6,3,2,,10.0,0.0,,,,,,,1,18,8,0.6,4,2,,12.0,0.0,,,,,,,1,20,8,0.6,5,2,,12.0,0.0,,,,,,,1,20,8,0.6,6,2,,12.0,0.0,,,,,,,1,20,8,0.6,7,2,,12.0,0.0,,,,,,,1,20,8,0.6,8,2,,12.0,0.0,,,,,,,1,20,8,0.6,9,2,,12.0,0.0,,,1,2,1,No specific feedback,1,20,8,0.6,10
3,c8l4n4kt,,0,100,100,giftex,Thanks,2024-03-30 01:12:21.133773,1,,,159.0,159.0,,,,,,,ho9ftn64,,,,,0,0.0,giftex,1.0,,,,,,,,,,,,,,,,,,,,,,,,,,,,,,,,,,,,,,,,,,,,,,,,,,,,,,,,,,,,,,,,,,,,,,,,,,,,,,,,,,,,,,,,,,,,,,,,,,,,,,,,,,,,,,,,,,,,,,,,,,,,,,,,,,,,,,,,,,,,,,,,,,,,,,,1,,25.0,0.0,27,8,,,,,2,50,6,0.5,1,1,,24.0,0.0,,,,,,,2,60,8,0.6,2,1,,21.0,0.0,,,,,,,2,70,10,0.7,3,1,,16.0,0.0,,,,,,,2,80,12,0.8,4,1,,9.0,0.0,,,,,,,2,90,15,0.9,5,1,,10.0,0.0,,,,,,,2,85,10,0.7,6,1,,6.0,0.0,,,,,,,2,90,8,0.6,7,1,,12.0,0.0,,,,,,,2,80,8,0.6,8,1,,18.0,0.0,,,,,,,2,70,8,0.6,9,1,,18.0,0.0,,,3,2,1,The decision-making process in this experiment was intriguing and highlighted the complexities of financial interdependence and strategic decision-making.,2,70,8,0.6,10
4,b1q33cof,,0,100,100,giftex,Thanks,2024-03-30 01:12:21.141293,1,,,652.0,652.0,,,,,,,ho9ftn64,,,,,0,0.0,giftex,1.0,,,,,,,,,,,,,,,,,,,,,,,,,,,,,,,,,,,,,,,,,,,,,,,,,,,,,,,,,,,,,,,,,,,,,,,,,,,,,,,,,,,,,,,,,,,,,,,,,,,,,,,,,,,,,,,,,,,,,,,,,,,,,,,,,,,,,,,,,,,,,,,,,,,,,,,2,,44.0,0.0,93,8,,,,,2,50,6,0.5,1,2,,52.0,0.0,,,,,,,2,60,8,0.6,2,2,,60.0,0.0,,,,,,,2,70,10,0.7,3,2,,68.0,0.0,,,,,,,2,80,12,0.8,4,2,,75.0,0.0,,,,,,,2,90,15,0.9,5,2,,75.0,0.0,,,,,,,2,85,10,0.7,6,2,,82.0,0.0,,,,,,,2,90,8,0.6,7,2,,72.0,0.0,,,,,,,2,80,8,0.6,8,2,,62.0,0.0,,,,,,,2,70,8,0.6,9,2,,62.0,0.0,,,3,2,1,The experiment was insightful in understanding decision-making processes and the dynamics of strategic interactions.,2,70,8,0.6,10
5,7gt4uv97,,0,100,100,giftex,Thanks,2024-03-30 01:12:21.139295,1,,,300.0,300.0,,,,,,,ho9ftn64,,,,,0,0.0,giftex,1.0,,,,,,,,,,,,,,,,,,,,,,,,,,,,,,,,,,,,,,,,,,,,,,,,,,,,,,,,,,,,,,,,,,,,,,,,,,,,,,,,,,,,,,,,,,,,,,,,,,,,,,,,,,,,,,,,,,,,,,,,,,,,,,,,,,,,,,,,,,,,,,,,,,,,,,,1,,35.0,0.0,27,8,,,,,3,50,10,0.7,1,1,,25.0,0.0,,,,,,,3,50,6,0.5,2,1,,30.0,0.0,,,,,,,3,50,8,0.6,3,1,,30.0,0.0,,,,,,,3,50,8,0.6,4,1,,30.0,0.0,,,,,,,3,50,8,0.6,5,1,,30.0,0.0,,,,,,,3,50,8,0.6,6,1,,30.0,0.0,,,,,,,3,50,8,0.6,7,1,,30.0,0.0,,,,,,,3,50,8,0.6,8,1,,30.0,0.0,,,,,,,3,50,8,0.6,9,1,,30.0,0.0,,,3,2,1,No feedback,3,50,8,0.6,10
6,i1n7suen,,0,100,100,giftex,Thanks,2024-03-30 01:12:21.435744,1,,,420.0,420.0,,,,,,,ho9ftn64,,,,,0,0.0,giftex,1.0,,,,,,,,,,,,,,,,,,,,,,,,,,,,,,,,,,,,,,,,,,,,,,,,,,,,,,,,,,,,,,,,,,,,,,,,,,,,,,,,,,,,,,,,,,,,,,,,,,,,,,,,,,,,,,,,,,,,,,,,,,,,,,,,,,,,,,,,,,,,,,,,,,,,,,,2,,40.0,0.0,91,8,,,,,3,50,10,0.7,1,2,,44.0,0.0,,,,,,,3,50,6,0.5,2,2,,42.0,0.0,,,,,,,3,50,8,0.6,3,2,,42.0,0.0,,,,,,,3,50,8,0.6,4,2,,42.0,0.0,,,,,,,3,50,8,0.6,5,2,,42.0,0.0,,,,,,,3,50,8,0.6,6,2,,42.0,0.0,,,,,,,3,50,8,0.6,7,2,,42.0,0.0,,,,,,,3,50,8,0.6,8,2,,42.0,0.0,,,,,,,3,50,8,0.6,9,2,,42.0,0.0,,,3,2,1,"The experiment was well-structured, offering clear insights into decision-making and strategic thought processes.",3,50,8,0.6,10
7,xp38iw8i,,0,100,100,giftex,Thanks,2024-03-30 01:12:21.300883,1,,,165.0,165.0,,,,,,,ho9ftn64,,,,,0,0.0,giftex,1.0,,,,,,,,,,,,,,,,,,,,,,,,,,,,,,,,,,,,,,,,,,,,,,,,,,,,,,,,,,,,,,,,,,,,,,,,,,,,,,,,,,,,,,,,,,,,,,,,,,,,,,,,,,,,,,,,,,,,,,,,,,,,,,,,,,,,,,,,,,,,,,,,,,,,,,,1,,30.0,0.0,63,8,,,,,4,50,8,0.6,1,1,,28.0,0.0,,,,,,,4,60,10,0.7,2,1,,24.0,0.0,,,,,,,4,70,12,0.8,3,1,,14.0,0.0,,,,,,,4,80,10,0.7,4,1,,25.0,0.0,,,,,,,4,50,6,0.5,5,1,,5.0,0.0,,,,,,,4,90,6,0.5,6,1,,12.0,0.0,,,,,,,4,75,6,0.5,7,1,,15.0,0.0,,,,,,,4,70,6,0.5,8,1,,7.0,0.0,,,,,,,4,85,6,0.5,9,1,,5.0,0.0,,,3,2,2,No specific feedback.,4,90,6,0.5,10
8,rk63vlxf,,0,100,100,giftex,Thanks,2024-03-30 01:12:21.423711,1,,,644.0,644.0,,,,,,,ho9ftn64,,,,,0,0.0,giftex,1.0,,,,,,,,,,,,,,,,,,,,,,,,,,,,,,,,,,,,,,,,,,,,,,,,,,,,,,,,,,,,,,,,,,,,,,,,,,,,,,,,,,,,,,,,,,,,,,,,,,,,,,,,,,,,,,,,,,,,,,,,,,,,,,,,,,,,,,,,,,,,,,,,,,,,,,,2,,42.0,0.0,27,8,,,,,4,50,8,0.6,1,2,,50.0,0.0,,,,,,,4,60,10,0.7,2,2,,58.0,0.0,,,,,,,4,70,12,0.8,3,2,,70.0,0.0,,,,,,,4,80,10,0.7,4,2,,44.0,0.0,,,,,,,4,50,6,0.5,5,2,,84.0,0.0,,,,,,,4,90,6,0.5,6,2,,69.0,0.0,,,,,,,4,75,6,0.5,7,2,,64.0,0.0,,,,,,,4,70,6,0.5,8,2,,79.0,0.0,,,,,,,4,85,6,0.5,9,2,,84.0,0.0,,,3,2,1,"The experiment was insightful, particularly how the effort cost and multiplier played a role in the dynamics between participants. Perhaps more clarity on the multiplierâ€™s exact mechanism would enhance understanding.",4,90,6,0.5,10
9,4cj8ra4l,,0,100,100,giftex,Thanks,2024-03-30 01:12:21.137259,1,,,150.0,150.0,,,,,,,ho9ftn64,,,,,0,0.0,giftex,1.0,,,,,,,,,,,,,,,,,,,,,,,,,,,,,,,,,,,,,,,,,,,,,,,,,,,,,,,,,,,,,,,,,,,,,,,,,,,,,,,,,,,,,,,,,,,,,,,,,,,,,,,,,,,,,,,,,,,,,,,,,,,,,,,,,,,,,,,,,,,,,,,,,,,,,,,1,,30.0,0.0,93,12,,,,,5,50,8,0.6,1,1,,28.0,0.0,,,,,,,5,60,10,0.7,2,1,,24.0,0.0,,,,,,,5,70,12,0.8,3,1,,20.0,0.0,,,,,,,5,75,12,0.8,4,1,,16.0,0.0,,,,,,,5,80,12,0.8,5,1,,12.0,0.0,,,,,,,5,85,12,0.8,6,1,,8.0,0.0,,,,,,,5,90,12,0.8,7,1,,4.0,0.0,,,,,,,5,95,12,0.8,8,1,,4.0,0.0,,,,,,,5,95,12,0.8,9,1,,4.0,0.0,,,3,2,1,The experiment provided interesting insights into strategic interaction and decision-making. A suggestion for improvement would be to include more rounds for a detailed behavioral analysis.,5,95,12,0.8,10
10,inv35fkn,,0,100,100,giftex,Thanks,2024-03-30 01:12:21.145199,1,,,681.0,681.0,,,,,,,ho9ftn64,,,,,0,0.0,giftex,1.0,,,,,,,,,,,,,,,,,,,,,,,,,,,,,,,,,,,,,,,,,,,,,,,,,,,,,,,,,,,,,,,,,,,,,,,,,,,,,,,,,,,,,,,,,,,,,,,,,,,,,,,,,,,,,,,,,,,,,,,,,,,,,,,,,,,,,,,,,,,,,,,,,,,,,,,2,,42.0,0.0,27,8,,,,,5,50,8,0.6,1,2,,50.0,0.0,,,,,,,5,60,10,0.7,2,2,,58.0,0.0,,,,,,,5,70,12,0.8,3,2,,63.0,0.0,,,,,,,5,75,12,0.8,4,2,,68.0,0.0,,,,,,,5,80,12,0.8,5,2,,73.0,0.0,,,,,,,5,85,12,0.8,6,2,,78.0,0.0,,,,,,,5,90,12,0.8,7,2,,83.0,0.0,,,,,,,5,95,12,0.8,8,2,,83.0,0.0,,,,,,,5,95,12,0.8,9,2,,83.0,0.0,,,1,2,1,The game was intriguing and provided insight into decision-making and strategy from both a personal and an economic perspective.,5,95,12,0.8,10
1,lxotaq3c,,0,100,100,fgiftex,Thanks,2024-03-30 01:20:25.150895,1,,,174.0,174.0,,,,,,,8753h3t0,,,,,0,0.0,fgiftex,1.0,1,,30.0,0.0,27,8,,,,,1,50,8,0.6,1,1,,27.0,0.0,,,,,,,1,55,8,0.6,2,1,,24.0,0.0,,,,,,,1,60,8,0.6,3,1,,21.0,0.0,,,,,,,1,65,8,0.6,4,1,,18.0,0.0,,,,,,,1,70,8,0.6,5,1,,15.0,0.0,,,,,,,1,75,8,0.6,6,1,,12.0,0.0,,,,,,,1,80,8,0.6,7,1,,9.0,0.0,,,,,,,1,85,8,0.6,8,1,,9.0,0.0,,,,,,,1,85,8,0.6,9,1,,9.0,0.0,,,3,2,2,The experiment provides insightful data on compensation strategies and their effectiveness on managerial effort and overall firm value. Further exploration could benefit from a diverse range of compensation models to assess their impact on performance.,1,85,8,0.6,10,,,,,,,,,,,,,,,,,,,,,,,,,,,,,,,,,,,,,,,,,,,,,,,,,,,,,,,,,,,,,,,,,,,,,,,,,,,,,,,,,,,,,,,,,,,,,,,,,,,,,,,,,,,,,,,,,,,,,,,,,,,,,,,,,,,,,,,,,,,,,,,,,,,,,,
2,zozs8rf3,,0,100,100,fgiftex,Thanks,2024-03-30 01:20:25.393013,1,,,630.0,630.0,,,,,,,8753h3t0,,,,,0,0.0,fgiftex,1.0,2,,42.0,0.0,3,8,,,,,1,50,8,0.6,1,2,,47.0,0.0,,,,,,,1,55,8,0.6,2,2,,52.0,0.0,,,,,,,1,60,8,0.6,3,2,,57.0,0.0,,,,,,,1,65,8,0.6,4,2,,62.0,0.0,,,,,,,1,70,8,0.6,5,2,,67.0,0.0,,,,,,,1,75,8,0.6,6,2,,72.0,0.0,,,,,,,1,80,8,0.6,7,2,,77.0,0.0,,,,,,,1,85,8,0.6,8,2,,77.0,0.0,,,,,,,1,85,8,0.6,9,2,,77.0,0.0,,,3,2,1,The experiment provides valuable insights into managerial compensation dynamics. It would be interesting to explore variations in effort cost and compensation structures.,1,85,8,0.6,10,,,,,,,,,,,,,,,,,,,,,,,,,,,,,,,,,,,,,,,,,,,,,,,,,,,,,,,,,,,,,,,,,,,,,,,,,,,,,,,,,,,,,,,,,,,,,,,,,,,,,,,,,,,,,,,,,,,,,,,,,,,,,,,,,,,,,,,,,,,,,,,,,,,,,,
3,417p70qj,,0,100,100,fgiftex,Thanks,2024-03-30 01:20:25.674863,1,,,279.0,279.0,,,,,,,8753h3t0,,,,,0,0.0,fgiftex,1.0,1,,35.0,0.0,13,8,,,,,2,50,10,0.7,1,1,,36.0,0.0,,,,,,,2,55,12,0.8,2,1,,32.0,0.0,,,,,,,2,60,12,0.8,3,1,,20.0,0.0,,,,,,,2,75,12,0.8,4,1,,32.0,0.0,,,,,,,2,60,12,0.8,5,1,,28.0,0.0,,,,,,,2,65,12,0.8,6,1,,24.0,0.0,,,,,,,2,70,12,0.8,7,1,,24.0,0.0,,,,,,,2,70,12,0.8,8,1,,24.0,0.0,,,,,,,2,70,12,0.8,9,1,,24.0,0.0,,,3,2,2,"The experiment provides insightful data on the dynamics between managerial compensation, effort, and overall wealth outcomes.",2,70,12,0.8,10,,,,,,,,,,,,,,,,,,,,,,,,,,,,,,,,,,,,,,,,,,,,,,,,,,,,,,,,,,,,,,,,,,,,,,,,,,,,,,,,,,,,,,,,,,,,,,,,,,,,,,,,,,,,,,,,,,,,,,,,,,,,,,,,,,,,,,,,,,,,,,,,,,,,,,
4,ft75gyth,,0,100,100,fgiftex,Thanks,2024-03-30 01:20:26.317658,1,,,527.0,527.0,,,,,,,8753h3t0,,,,,0,0.0,fgiftex,1.0,2,,40.0,0.0,27,8,,,,,2,50,10,0.7,1,2,,43.0,0.0,,,,,,,2,55,12,0.8,2,2,,48.0,0.0,,,,,,,2,60,12,0.8,3,2,,63.0,0.0,,,,,,,2,75,12,0.8,4,2,,48.0,0.0,,,,,,,2,60,12,0.8,5,2,,53.0,0.0,,,,,,,2,65,12,0.8,6,2,,58.0,0.0,,,,,,,2,70,12,0.8,7,2,,58.0,0.0,,,,,,,2,70,12,0.8,8,2,,58.0,0.0,,,,,,,2,70,12,0.8,9,2,,58.0,0.0,,,3,2,1,The gameplay provides an interesting insight into the dynamics between managers and supervisory boards. It would be fascinating to explore how different compensation strategies might affect the outcomes further.,2,70,12,0.8,10,,,,,,,,,,,,,,,,,,,,,,,,,,,,,,,,,,,,,,,,,,,,,,,,,,,,,,,,,,,,,,,,,,,,,,,,,,,,,,,,,,,,,,,,,,,,,,,,,,,,,,,,,,,,,,,,,,,,,,,,,,,,,,,,,,,,,,,,,,,,,,,,,,,,,,
5,ufdsnmqk,,0,100,100,fgiftex,Thanks,2024-03-30 01:20:25.346758,1,,,135.0,135.0,,,,,,,8753h3t0,,,,,0,0.0,fgiftex,1.0,1,,30.0,0.0,3,8,,,,,3,50,8,0.6,1,1,,24.0,0.0,,,,,,,3,60,8,0.6,2,1,,18.0,0.0,,,,,,,3,70,8,0.6,3,1,,12.0,0.0,,,,,,,3,80,8,0.6,4,1,,6.0,0.0,,,,,,,3,90,8,0.6,5,1,,9.0,0.0,,,,,,,3,85,8,0.6,6,1,,9.0,0.0,,,,,,,3,85,8,0.6,7,1,,9.0,0.0,,,,,,,3,85,8,0.6,8,1,,9.0,0.0,,,,,,,3,85,8,0.6,9,1,,9.0,0.0,,,3,2,2,The experiment provides valuable insights into compensation-effort dynamics and their impact on firm value and participant wealth.,3,85,8,0.6,10,,,,,,,,,,,,,,,,,,,,,,,,,,,,,,,,,,,,,,,,,,,,,,,,,,,,,,,,,,,,,,,,,,,,,,,,,,,,,,,,,,,,,,,,,,,,,,,,,,,,,,,,,,,,,,,,,,,,,,,,,,,,,,,,,,,,,,,,,,,,,,,,,,,,,,
6,5fp1qp6c,,0,100,100,fgiftex,Thanks,2024-03-30 01:20:25.662332,1,,,695.0,695.0,,,,,,,8753h3t0,,,,,0,0.0,fgiftex,1.0,2,,42.0,0.0,0,8,,,,,3,50,8,0.6,1,2,,52.0,0.0,,,,,,,3,60,8,0.6,2,2,,62.0,0.0,,,,,,,3,70,8,0.6,3,2,,72.0,0.0,,,,,,,3,80,8,0.6,4,2,,82.0,0.0,,,,,,,3,90,8,0.6,5,2,,77.0,0.0,,,,,,,3,85,8,0.6,6,2,,77.0,0.0,,,,,,,3,85,8,0.6,7,2,,77.0,0.0,,,,,,,3,85,8,0.6,8,2,,77.0,0.0,,,,,,,3,85,8,0.6,9,2,,77.0,0.0,,,3,2,1,This was an interesting experiment which highlighted the impact of managerial efforts on both the manager's payoff and the supervisory board's payoff. Encouraging consistent effort level choices adds an insightful dynamic to decision-making.,3,85,8,0.6,10,,,,,,,,,,,,,,,,,,,,,,,,,,,,,,,,,,,,,,,,,,,,,,,,,,,,,,,,,,,,,,,,,,,,,,,,,,,,,,,,,,,,,,,,,,,,,,,,,,,,,,,,,,,,,,,,,,,,,,,,,,,,,,,,,,,,,,,,,,,,,,,,,,,,,,
7,ouqk8yf7,,0,2,100,fgiftex,ComprehensionChecks,2024-03-30 01:20:25.996281,1,,,0.0,0.0,,,,,,,8753h3t0,,,,,0,0.0,fgiftex,1.0,1,,0.0,0.0,,,,,,,4,,,,1,1,,0.0,0.0,,,,,,,4,,,,2,1,,0.0,0.0,,,,,,,4,,,,3,1,,0.0,0.0,,,,,,,4,,,,4,1,,0.0,0.0,,,,,,,4,,,,5,1,,0.0,0.0,,,,,,,4,,,,6,1,,0.0,0.0,,,,,,,4,,,,7,1,,0.0,0.0,,,,,,,4,,,,8,1,,0.0,0.0,,,,,,,4,,,,9,1,,0.0,0.0,,,,,,,4,,,,10,,,,,,,,,,,,,,,,,,,,,,,,,,,,,,,,,,,,,,,,,,,,,,,,,,,,,,,,,,,,,,,,,,,,,,,,,,,,,,,,,,,,,,,,,,,,,,,,,,,,,,,,,,,,,,,,,,,,,,,,,,,,,,,,,,,,,,,,,,,,,,,,,,,,,,
8,ir2nhggp,,0,5,100,fgiftex,SendBackWaitPage,2024-03-30 01:20:25.384151,1,,,0.0,0.0,,,,,,,8753h3t0,,,,,0,0.0,fgiftex,1.0,2,,0.0,0.0,63,8,,,,,4,,,,1,2,,0.0,0.0,,,,,,,4,,,,2,2,,0.0,0.0,,,,,,,4,,,,3,2,,0.0,0.0,,,,,,,4,,,,4,2,,0.0,0.0,,,,,,,4,,,,5,2,,0.0,0.0,,,,,,,4,,,,6,2,,0.0,0.0,,,,,,,4,,,,7,2,,0.0,0.0,,,,,,,4,,,,8,2,,0.0,0.0,,,,,,,4,,,,9,2,,0.0,0.0,,,,,,,4,,,,10,,,,,,,,,,,,,,,,,,,,,,,,,,,,,,,,,,,,,,,,,,,,,,,,,,,,,,,,,,,,,,,,,,,,,,,,,,,,,,,,,,,,,,,,,,,,,,,,,,,,,,,,,,,,,,,,,,,,,,,,,,,,,,,,,,,,,,,,,,,,,,,,,,,,,,
9,88j030w4,,0,100,100,fgiftex,Thanks,2024-03-30 01:20:26.144811,1,,,231.0,231.0,,,,,,,8753h3t0,,,,,0,0.0,fgiftex,1.0,1,,30.0,0.0,97,8,,,,,5,50,8,0.6,1,1,,24.0,0.0,,,,,,,5,60,8,0.6,2,1,,18.0,0.0,,,,,,,5,70,8,0.6,3,1,,15.0,0.0,,,,,,,5,75,8,0.6,4,1,,24.0,0.0,,,,,,,5,60,8,0.6,5,1,,24.0,0.0,,,,,,,5,60,8,0.6,6,1,,24.0,0.0,,,,,,,5,60,8,0.6,7,1,,24.0,0.0,,,,,,,5,60,8,0.6,8,1,,24.0,0.0,,,,,,,5,60,8,0.6,9,1,,24.0,0.0,,,3,2,1,"The experiment provides a dynamic and comprehensive illustration of the interaction between management compensation and effort level, revealing valuable insights into different strategies's effectiveness.",5,60,8,0.6,10,,,,,,,,,,,,,,,,,,,,,,,,,,,,,,,,,,,,,,,,,,,,,,,,,,,,,,,,,,,,,,,,,,,,,,,,,,,,,,,,,,,,,,,,,,,,,,,,,,,,,,,,,,,,,,,,,,,,,,,,,,,,,,,,,,,,,,,,,,,,,,,,,,,,,,
10,smtac76t,,0,100,100,fgiftex,Thanks,2024-03-30 01:20:26.408832,1,,,535.0,535.0,,,,,,,8753h3t0,,,,,0,0.0,fgiftex,1.0,2,,42.0,0.0,27,8,,,,,5,50,8,0.6,1,2,,52.0,0.0,,,,,,,5,60,8,0.6,2,2,,62.0,0.0,,,,,,,5,70,8,0.6,3,2,,67.0,0.0,,,,,,,5,75,8,0.6,4,2,,52.0,0.0,,,,,,,5,60,8,0.6,5,2,,52.0,0.0,,,,,,,5,60,8,0.6,6,2,,52.0,0.0,,,,,,,5,60,8,0.6,7,2,,52.0,0.0,,,,,,,5,60,8,0.6,8,2,,52.0,0.0,,,,,,,5,60,8,0.6,9,2,,52.0,0.0,,,3,2,1,The experiment provided insightful scenarios on how effort and compensation interact within managerial contexts. Would be interesting to see how these dynamics change with different compensation schemes or under different economic conditions.,5,60,8,0.6,10,,,,,,,,,,,,,,,,,,,,,,,,,,,,,,,,,,,,,,,,,,,,,,,,,,,,,,,,,,,,,,,,,,,,,,,,,,,,,,,,,,,,,,,,,,,,,,,,,,,,,,,,,,,,,,,,,,,,,,,,,,,,,,,,,,,,,,,,,,,,,,,,,,,,,,
1,r2q14szi,,0,100,100,fgiftex,Thanks,2024-03-30 01:36:40.510703,1,,,195.0,195.0,,,,,,,gwfi0f4q,,,,,0,0.0,fgiftex,1.0,1,,30.0,0.0,27,8,,,,,1,50,8,0.6,1,1,,27.0,0.0,,,,,,,1,55,8,0.6,2,1,,24.0,0.0,,,,,,,1,60,8,0.6,3,1,,21.0,0.0,,,,,,,1,65,8,0.6,4,1,,18.0,0.0,,,,,,,1,70,8,0.6,5,1,,15.0,0.0,,,,,,,1,75,8,0.6,6,1,,15.0,0.0,,,,,,,1,75,8,0.6,7,1,,15.0,0.0,,,,,,,1,75,8,0.6,8,1,,15.0,0.0,,,,,,,1,75,8,0.6,9,1,,15.0,0.0,,,3,2,2,,1,75,8,0.6,10,,,,,,,,,,,,,,,,,,,,,,,,,,,,,,,,,,,,,,,,,,,,,,,,,,,,,,,,,,,,,,,,,,,,,,,,,,,,,,,,,,,,,,,,,,,,,,,,,,,,,,,,,,,,,,,,,,,,,,,,,,,,,,,,,,,,,,,,,,,,,,,,,,,,,,
2,eghysl66,,0,100,100,fgiftex,Thanks,2024-03-30 01:36:40.513930,1,,,595.0,595.0,,,,,,,gwfi0f4q,,,,,0,0.0,fgiftex,1.0,2,,42.0,0.0,7,8,,,,,1,50,8,0.6,1,2,,47.0,0.0,,,,,,,1,55,8,0.6,2,2,,52.0,0.0,,,,,,,1,60,8,0.6,3,2,,57.0,0.0,,,,,,,1,65,8,0.6,4,2,,62.0,0.0,,,,,,,1,70,8,0.6,5,2,,67.0,0.0,,,,,,,1,75,8,0.6,6,2,,67.0,0.0,,,,,,,1,75,8,0.6,7,2,,67.0,0.0,,,,,,,1,75,8,0.6,8,2,,67.0,0.0,,,,,,,1,75,8,0.6,9,2,,67.0,0.0,,,3,2,1,The experiment was engaging and provided insight into the dynamics between managerial effort and compensation. It would be interesting to explore how different levels of compensation influence effort levels and overall firm value.,1,75,8,0.6,10,,,,,,,,,,,,,,,,,,,,,,,,,,,,,,,,,,,,,,,,,,,,,,,,,,,,,,,,,,,,,,,,,,,,,,,,,,,,,,,,,,,,,,,,,,,,,,,,,,,,,,,,,,,,,,,,,,,,,,,,,,,,,,,,,,,,,,,,,,,,,,,,,,,,,,
