participant.id_in_session,participant.code,participant.label,participant._is_bot,participant._index_in_pages,participant._max_page_index,participant._current_app_name,participant._current_page_name,participant.time_started_utc,participant.visited,participant.mturk_worker_id,participant.mturk_assignment_id,participant.payoff,participant.wealth,participant.comprehension_check,participant.comprehension_check1,participant.comprehension_check2,participant.manipulation_check,participant.human_check,participant.feedback,session.code,session.label,session.mturk_HITId,session.mturk_HITGroupId,session.comment,session.is_demo,session.config.participation_fee,session.config.name,session.config.real_world_currency_per_point,trust.1.player.id_in_group,trust.1.player.role,trust.1.player.payoff,trust.1.player.wealth,trust.1.player.comprehension_check,trust.1.player.manipulation_check,trust.1.player.human_check,trust.1.player.feedback,trust.1.group.id_in_subsession,trust.1.group.sent_amount,trust.1.group.sent_back_amount,trust.1.subsession.round_number,trust.2.player.id_in_group,trust.2.player.role,trust.2.player.payoff,trust.2.player.wealth,trust.2.player.comprehension_check,trust.2.player.manipulation_check,trust.2.player.human_check,trust.2.player.feedback,trust.2.group.id_in_subsession,trust.2.group.sent_amount,trust.2.group.sent_back_amount,trust.2.subsession.round_number,trust.3.player.id_in_group,trust.3.player.role,trust.3.player.payoff,trust.3.player.wealth,trust.3.player.comprehension_check,trust.3.player.manipulation_check,trust.3.player.human_check,trust.3.player.feedback,trust.3.group.id_in_subsession,trust.3.group.sent_amount,trust.3.group.sent_back_amount,trust.3.subsession.round_number,trust.4.player.id_in_group,trust.4.player.role,trust.4.player.payoff,trust.4.player.wealth,trust.4.player.comprehension_check,trust.4.player.manipulation_check,trust.4.player.human_check,trust.4.player.feedback,trust.4.group.id_in_subsession,trust.4.group.sent_amount,trust.4.group.sent_back_amount,trust.4.subsession.round_number,trust.5.player.id_in_group,trust.5.player.role,trust.5.player.payoff,trust.5.player.wealth,trust.5.player.comprehension_check,trust.5.player.manipulation_check,trust.5.player.human_check,trust.5.player.feedback,trust.5.group.id_in_subsession,trust.5.group.sent_amount,trust.5.group.sent_back_amount,trust.5.subsession.round_number,trust.6.player.id_in_group,trust.6.player.role,trust.6.player.payoff,trust.6.player.wealth,trust.6.player.comprehension_check,trust.6.player.manipulation_check,trust.6.player.human_check,trust.6.player.feedback,trust.6.group.id_in_subsession,trust.6.group.sent_amount,trust.6.group.sent_back_amount,trust.6.subsession.round_number,trust.7.player.id_in_group,trust.7.player.role,trust.7.player.payoff,trust.7.player.wealth,trust.7.player.comprehension_check,trust.7.player.manipulation_check,trust.7.player.human_check,trust.7.player.feedback,trust.7.group.id_in_subsession,trust.7.group.sent_amount,trust.7.group.sent_back_amount,trust.7.subsession.round_number,trust.8.player.id_in_group,trust.8.player.role,trust.8.player.payoff,trust.8.player.wealth,trust.8.player.comprehension_check,trust.8.player.manipulation_check,trust.8.player.human_check,trust.8.player.feedback,trust.8.group.id_in_subsession,trust.8.group.sent_amount,trust.8.group.sent_back_amount,trust.8.subsession.round_number,trust.9.player.id_in_group,trust.9.player.role,trust.9.player.payoff,trust.9.player.wealth,trust.9.player.comprehension_check,trust.9.player.manipulation_check,trust.9.player.human_check,trust.9.player.feedback,trust.9.group.id_in_subsession,trust.9.group.sent_amount,trust.9.group.sent_back_amount,trust.9.subsession.round_number,trust.10.player.id_in_group,trust.10.player.role,trust.10.player.payoff,trust.10.player.wealth,trust.10.player.comprehension_check,trust.10.player.manipulation_check,trust.10.player.human_check,trust.10.player.feedback,trust.10.group.id_in_subsession,trust.10.group.sent_amount,trust.10.group.sent_back_amount,trust.10.subsession.round_number,ftrust.1.player.id_in_group,ftrust.1.player.role,ftrust.1.player.payoff,ftrust.1.player.wealth,ftrust.1.player.comprehension_check,ftrust.1.player.manipulation_check,ftrust.1.player.human_check,ftrust.1.player.feedback,ftrust.1.group.id_in_subsession,ftrust.1.group.sent_amount,ftrust.1.group.sent_back_amount,ftrust.1.subsession.round_number,ftrust.2.player.id_in_group,ftrust.2.player.role,ftrust.2.player.payoff,ftrust.2.player.wealth,ftrust.2.player.comprehension_check,ftrust.2.player.manipulation_check,ftrust.2.player.human_check,ftrust.2.player.feedback,ftrust.2.group.id_in_subsession,ftrust.2.group.sent_amount,ftrust.2.group.sent_back_amount,ftrust.2.subsession.round_number,ftrust.3.player.id_in_group,ftrust.3.player.role,ftrust.3.player.payoff,ftrust.3.player.wealth,ftrust.3.player.comprehension_check,ftrust.3.player.manipulation_check,ftrust.3.player.human_check,ftrust.3.player.feedback,ftrust.3.group.id_in_subsession,ftrust.3.group.sent_amount,ftrust.3.group.sent_back_amount,ftrust.3.subsession.round_number,ftrust.4.player.id_in_group,ftrust.4.player.role,ftrust.4.player.payoff,ftrust.4.player.wealth,ftrust.4.player.comprehension_check,ftrust.4.player.manipulation_check,ftrust.4.player.human_check,ftrust.4.player.feedback,ftrust.4.group.id_in_subsession,ftrust.4.group.sent_amount,ftrust.4.group.sent_back_amount,ftrust.4.subsession.round_number,ftrust.5.player.id_in_group,ftrust.5.player.role,ftrust.5.player.payoff,ftrust.5.player.wealth,ftrust.5.player.comprehension_check,ftrust.5.player.manipulation_check,ftrust.5.player.human_check,ftrust.5.player.feedback,ftrust.5.group.id_in_subsession,ftrust.5.group.sent_amount,ftrust.5.group.sent_back_amount,ftrust.5.subsession.round_number,ftrust.6.player.id_in_group,ftrust.6.player.role,ftrust.6.player.payoff,ftrust.6.player.wealth,ftrust.6.player.comprehension_check,ftrust.6.player.manipulation_check,ftrust.6.player.human_check,ftrust.6.player.feedback,ftrust.6.group.id_in_subsession,ftrust.6.group.sent_amount,ftrust.6.group.sent_back_amount,ftrust.6.subsession.round_number,ftrust.7.player.id_in_group,ftrust.7.player.role,ftrust.7.player.payoff,ftrust.7.player.wealth,ftrust.7.player.comprehension_check,ftrust.7.player.manipulation_check,ftrust.7.player.human_check,ftrust.7.player.feedback,ftrust.7.group.id_in_subsession,ftrust.7.group.sent_amount,ftrust.7.group.sent_back_amount,ftrust.7.subsession.round_number,ftrust.8.player.id_in_group,ftrust.8.player.role,ftrust.8.player.payoff,ftrust.8.player.wealth,ftrust.8.player.comprehension_check,ftrust.8.player.manipulation_check,ftrust.8.player.human_check,ftrust.8.player.feedback,ftrust.8.group.id_in_subsession,ftrust.8.group.sent_amount,ftrust.8.group.sent_back_amount,ftrust.8.subsession.round_number,ftrust.9.player.id_in_group,ftrust.9.player.role,ftrust.9.player.payoff,ftrust.9.player.wealth,ftrust.9.player.comprehension_check,ftrust.9.player.manipulation_check,ftrust.9.player.human_check,ftrust.9.player.feedback,ftrust.9.group.id_in_subsession,ftrust.9.group.sent_amount,ftrust.9.group.sent_back_amount,ftrust.9.subsession.round_number,ftrust.10.player.id_in_group,ftrust.10.player.role,ftrust.10.player.payoff,ftrust.10.player.wealth,ftrust.10.player.comprehension_check,ftrust.10.player.manipulation_check,ftrust.10.player.human_check,ftrust.10.player.feedback,ftrust.10.group.id_in_subsession,ftrust.10.group.sent_amount,ftrust.10.group.sent_back_amount,ftrust.10.subsession.round_number
1,80h232jv,,0,80,80,trust,Thanks,2024-04-30 00:12:52.677161,1,,,1000.0,1000.0,,,,,,,vinj00xz,,,,,0,0.0,trust,1.0,1,,100.0,0.0,,,,,1,50.0,50.0,1,1,,100.0,0.0,,,,,1,50.0,50.0,2,1,,100.0,0.0,,,,,1,50.0,50.0,3,1,,100.0,0.0,,,,,1,50.0,50.0,4,1,,100.0,0.0,,,,,1,50.0,50.0,5,1,,100.0,0.0,,,,,1,50.0,50.0,6,1,,100.0,0.0,,,,,1,50.0,50.0,7,1,,100.0,0.0,,,,,1,50.0,50.0,8,1,,100.0,0.0,,,,,1,50.0,50.0,9,1,,100.0,0.0,3,1,1,The experiment was well structured and demonstrated the potential for cooperation in decision-making processes.,1,50.0,50.0,10,,,,,,,,,,,,,,,,,,,,,,,,,,,,,,,,,,,,,,,,,,,,,,,,,,,,,,,,,,,,,,,,,,,,,,,,,,,,,,,,,,,,,,,,,,,,,,,,,,,,,,,,,,,,,,,,,,,,,,,,
2,0vdfhp9i,,0,80,80,trust,Thanks,2024-04-30 00:12:50.597226,1,,,1000.0,1000.0,,,,,,,vinj00xz,,,,,0,0.0,trust,1.0,2,,100.0,0.0,,,,,1,50.0,50.0,1,2,,100.0,0.0,,,,,1,50.0,50.0,2,2,,100.0,0.0,,,,,1,50.0,50.0,3,2,,100.0,0.0,,,,,1,50.0,50.0,4,2,,100.0,0.0,,,,,1,50.0,50.0,5,2,,100.0,0.0,,,,,1,50.0,50.0,6,2,,100.0,0.0,,,,,1,50.0,50.0,7,2,,100.0,0.0,,,,,1,50.0,50.0,8,2,,100.0,0.0,,,,,1,50.0,50.0,9,2,,100.0,0.0,3,2,1,This was an insightful experiment into the dynamics of cooperation and fairness. It would be interesting to see how varying the multiplier affects the decisions.,1,50.0,50.0,10,,,,,,,,,,,,,,,,,,,,,,,,,,,,,,,,,,,,,,,,,,,,,,,,,,,,,,,,,,,,,,,,,,,,,,,,,,,,,,,,,,,,,,,,,,,,,,,,,,,,,,,,,,,,,,,,,,,,,,,,
3,3cp54fyd,,0,80,80,trust,Thanks,2024-04-30 00:12:50.368302,1,,,1000.0,1000.0,,,,,,,vinj00xz,,,,,0,0.0,trust,1.0,1,,100.0,0.0,,,,,2,50.0,50.0,1,1,,100.0,0.0,,,,,2,50.0,50.0,2,1,,100.0,0.0,,,,,2,50.0,50.0,3,1,,100.0,0.0,,,,,2,50.0,50.0,4,1,,100.0,0.0,,,,,2,50.0,50.0,5,1,,100.0,0.0,,,,,2,50.0,50.0,6,1,,100.0,0.0,,,,,2,50.0,50.0,7,1,,100.0,0.0,,,,,2,50.0,50.0,8,1,,100.0,0.0,,,,,2,50.0,50.0,9,1,,100.0,0.0,3,1,1,The experiment provided valuable insights into cooperative dynamics and how mutual benefit can be maximized through strategic decision-making. It would be interesting to see variations in the multiplier effect or the introduction of more complex decision-making scenarios.,2,50.0,50.0,10,,,,,,,,,,,,,,,,,,,,,,,,,,,,,,,,,,,,,,,,,,,,,,,,,,,,,,,,,,,,,,,,,,,,,,,,,,,,,,,,,,,,,,,,,,,,,,,,,,,,,,,,,,,,,,,,,,,,,,,,
4,9sslkq3n,,0,80,80,trust,Thanks,2024-04-30 00:12:50.571906,1,,,1000.0,1000.0,,,,,,,vinj00xz,,,,,0,0.0,trust,1.0,2,,100.0,0.0,,,,,2,50.0,50.0,1,2,,100.0,0.0,,,,,2,50.0,50.0,2,2,,100.0,0.0,,,,,2,50.0,50.0,3,2,,100.0,0.0,,,,,2,50.0,50.0,4,2,,100.0,0.0,,,,,2,50.0,50.0,5,2,,100.0,0.0,,,,,2,50.0,50.0,6,2,,100.0,0.0,,,,,2,50.0,50.0,7,2,,100.0,0.0,,,,,2,50.0,50.0,8,2,,100.0,0.0,,,,,2,50.0,50.0,9,2,,100.0,0.0,3,2,2,,2,50.0,50.0,10,,,,,,,,,,,,,,,,,,,,,,,,,,,,,,,,,,,,,,,,,,,,,,,,,,,,,,,,,,,,,,,,,,,,,,,,,,,,,,,,,,,,,,,,,,,,,,,,,,,,,,,,,,,,,,,,,,,,,,,,
5,k9ozhgzs,,0,80,80,trust,Thanks,2024-04-30 00:12:51.042269,1,,,1000.0,1000.0,,,,,,,vinj00xz,,,,,0,0.0,trust,1.0,1,,100.0,0.0,,,,,3,50.0,50.0,1,1,,100.0,0.0,,,,,3,50.0,50.0,2,1,,100.0,0.0,,,,,3,50.0,50.0,3,1,,100.0,0.0,,,,,3,50.0,50.0,4,1,,100.0,0.0,,,,,3,50.0,50.0,5,1,,100.0,0.0,,,,,3,50.0,50.0,6,1,,100.0,0.0,,,,,3,50.0,50.0,7,1,,100.0,0.0,,,,,3,50.0,50.0,8,1,,100.0,0.0,,,,,3,50.0,50.0,9,1,,100.0,0.0,3,1,1,No specific feedback.,3,50.0,50.0,10,,,,,,,,,,,,,,,,,,,,,,,,,,,,,,,,,,,,,,,,,,,,,,,,,,,,,,,,,,,,,,,,,,,,,,,,,,,,,,,,,,,,,,,,,,,,,,,,,,,,,,,,,,,,,,,,,,,,,,,,
6,xyeiqv5i,,0,80,80,trust,Thanks,2024-04-30 00:12:51.082677,1,,,1000.0,1000.0,,,,,,,vinj00xz,,,,,0,0.0,trust,1.0,2,,100.0,0.0,,,,,3,50.0,50.0,1,2,,100.0,0.0,,,,,3,50.0,50.0,2,2,,100.0,0.0,,,,,3,50.0,50.0,3,2,,100.0,0.0,,,,,3,50.0,50.0,4,2,,100.0,0.0,,,,,3,50.0,50.0,5,2,,100.0,0.0,,,,,3,50.0,50.0,6,2,,100.0,0.0,,,,,3,50.0,50.0,7,2,,100.0,0.0,,,,,3,50.0,50.0,8,2,,100.0,0.0,,,,,3,50.0,50.0,9,2,,100.0,0.0,3,2,1,"My strategy was to maintain fairness by equally sharing the points, ensuring that both participants benefit equally from the experiment.",3,50.0,50.0,10,,,,,,,,,,,,,,,,,,,,,,,,,,,,,,,,,,,,,,,,,,,,,,,,,,,,,,,,,,,,,,,,,,,,,,,,,,,,,,,,,,,,,,,,,,,,,,,,,,,,,,,,,,,,,,,,,,,,,,,,
7,t2xr09k6,,0,80,80,trust,Thanks,2024-04-30 00:12:50.674250,1,,,1250.0,1250.0,,,,,,,vinj00xz,,,,,0,0.0,trust,1.0,1,,125.0,0.0,,,,,4,50.0,75.0,1,1,,125.0,0.0,,,,,4,50.0,75.0,2,1,,125.0,0.0,,,,,4,50.0,75.0,3,1,,125.0,0.0,,,,,4,50.0,75.0,4,1,,125.0,0.0,,,,,4,50.0,75.0,5,1,,125.0,0.0,,,,,4,50.0,75.0,6,1,,125.0,0.0,,,,,4,50.0,75.0,7,1,,125.0,0.0,,,,,4,50.0,75.0,8,1,,125.0,0.0,,,,,4,50.0,75.0,9,1,,125.0,0.0,3,1,1,The experiment provided valuable insights into decision making and trust in economic games. It would be interesting to see how the dynamics change with different multipliers or in longer games.,4,50.0,75.0,10,,,,,,,,,,,,,,,,,,,,,,,,,,,,,,,,,,,,,,,,,,,,,,,,,,,,,,,,,,,,,,,,,,,,,,,,,,,,,,,,,,,,,,,,,,,,,,,,,,,,,,,,,,,,,,,,,,,,,,,,
8,al36s0oc,,0,80,80,trust,Thanks,2024-04-30 00:12:50.524423,1,,,750.0,750.0,,,,,,,vinj00xz,,,,,0,0.0,trust,1.0,2,,75.0,0.0,,,,,4,50.0,75.0,1,2,,75.0,0.0,,,,,4,50.0,75.0,2,2,,75.0,0.0,,,,,4,50.0,75.0,3,2,,75.0,0.0,,,,,4,50.0,75.0,4,2,,75.0,0.0,,,,,4,50.0,75.0,5,2,,75.0,0.0,,,,,4,50.0,75.0,6,2,,75.0,0.0,,,,,4,50.0,75.0,7,2,,75.0,0.0,,,,,4,50.0,75.0,8,2,,75.0,0.0,,,,,4,50.0,75.0,9,2,,75.0,0.0,3,2,2,No feedback,4,50.0,75.0,10,,,,,,,,,,,,,,,,,,,,,,,,,,,,,,,,,,,,,,,,,,,,,,,,,,,,,,,,,,,,,,,,,,,,,,,,,,,,,,,,,,,,,,,,,,,,,,,,,,,,,,,,,,,,,,,,,,,,,,,,
9,es1ldaqd,,0,80,80,trust,Thanks,2024-04-30 00:12:50.573623,1,,,1423.0,1423.0,,,,,,,vinj00xz,,,,,0,0.0,trust,1.0,1,,125.0,0.0,,,,,5,50.0,75.0,1,1,,130.0,0.0,,,,,5,60.0,90.0,2,1,,135.0,0.0,,,,,5,70.0,105.0,3,1,,140.0,0.0,,,,,5,80.0,120.0,4,1,,145.0,0.0,,,,,5,90.0,135.0,5,1,,148.0,0.0,,,,,5,95.0,143.0,6,1,,150.0,0.0,,,,,5,100.0,150.0,7,1,,150.0,0.0,,,,,5,100.0,150.0,8,1,,150.0,0.0,,,,,5,100.0,150.0,9,1,,150.0,0.0,3,1,1,"No specific feedback, the experiment was interesting and the outcomes were insightful regarding cooperative behavior.",5,100.0,150.0,10,,,,,,,,,,,,,,,,,,,,,,,,,,,,,,,,,,,,,,,,,,,,,,,,,,,,,,,,,,,,,,,,,,,,,,,,,,,,,,,,,,,,,,,,,,,,,,,,,,,,,,,,,,,,,,,,,,,,,,,,
10,t9tlm9mx,,0,80,80,trust,Thanks,2024-04-30 00:12:50.509544,1,,,1267.0,1267.0,,,,,,,vinj00xz,,,,,0,0.0,trust,1.0,2,,75.0,0.0,,,,,5,50.0,75.0,1,2,,90.0,0.0,,,,,5,60.0,90.0,2,2,,105.0,0.0,,,,,5,70.0,105.0,3,2,,120.0,0.0,,,,,5,80.0,120.0,4,2,,135.0,0.0,,,,,5,90.0,135.0,5,2,,142.0,0.0,,,,,5,95.0,143.0,6,2,,150.0,0.0,,,,,5,100.0,150.0,7,2,,150.0,0.0,,,,,5,100.0,150.0,8,2,,150.0,0.0,,,,,5,100.0,150.0,9,2,,150.0,0.0,3,2,1,The cooperative strategy worked well to maximize mutual gains. Considering alternative strategies or potential disruptions could add depth to future iterations of this experiment.,5,100.0,150.0,10,,,,,,,,,,,,,,,,,,,,,,,,,,,,,,,,,,,,,,,,,,,,,,,,,,,,,,,,,,,,,,,,,,,,,,,,,,,,,,,,,,,,,,,,,,,,,,,,,,,,,,,,,,,,,,,,,,,,,,,,
1,gvmwk6ep,,0,0,80,,,,0,,,0.0,0.0,,,,,,,w07ybko0,,,,,1,0.0,trust,1.0,1,,0.0,0.0,,,,,1,,,1,1,,0.0,0.0,,,,,1,,,2,1,,0.0,0.0,,,,,1,,,3,1,,0.0,0.0,,,,,1,,,4,1,,0.0,0.0,,,,,1,,,5,1,,0.0,0.0,,,,,1,,,6,1,,0.0,0.0,,,,,1,,,7,1,,0.0,0.0,,,,,1,,,8,1,,0.0,0.0,,,,,1,,,9,1,,0.0,0.0,,,,,1,,,10,,,,,,,,,,,,,,,,,,,,,,,,,,,,,,,,,,,,,,,,,,,,,,,,,,,,,,,,,,,,,,,,,,,,,,,,,,,,,,,,,,,,,,,,,,,,,,,,,,,,,,,,,,,,,,,,,,,,,,,,
2,fupoq07e,,0,0,80,,,,0,,,0.0,0.0,,,,,,,w07ybko0,,,,,1,0.0,trust,1.0,2,,0.0,0.0,,,,,1,,,1,2,,0.0,0.0,,,,,1,,,2,2,,0.0,0.0,,,,,1,,,3,2,,0.0,0.0,,,,,1,,,4,2,,0.0,0.0,,,,,1,,,5,2,,0.0,0.0,,,,,1,,,6,2,,0.0,0.0,,,,,1,,,7,2,,0.0,0.0,,,,,1,,,8,2,,0.0,0.0,,,,,1,,,9,2,,0.0,0.0,,,,,1,,,10,,,,,,,,,,,,,,,,,,,,,,,,,,,,,,,,,,,,,,,,,,,,,,,,,,,,,,,,,,,,,,,,,,,,,,,,,,,,,,,,,,,,,,,,,,,,,,,,,,,,,,,,,,,,,,,,,,,,,,,,
1,29f9ry07,,0,80,80,ftrust,Thanks,2024-04-30 00:22:59.320886,1,,,1407.0,1407.0,,,,,,,9gqqpu8g,,,,,0,0.0,ftrust,1.0,,,,,,,,,,,,,,,,,,,,,,,,,,,,,,,,,,,,,,,,,,,,,,,,,,,,,,,,,,,,,,,,,,,,,,,,,,,,,,,,,,,,,,,,,,,,,,,,,,,,,,,,,,,,,,,,,,,,,,,,,1,,125.0,0.0,,,,,1,50.0,75.0,1,1,,130.0,0.0,,,,,1,60.0,90.0,2,1,,135.0,0.0,,,,,1,70.0,105.0,3,1,,140.0,0.0,,,,,1,80.0,120.0,4,1,,142.0,0.0,,,,,1,85.0,127.0,5,1,,145.0,0.0,,,,,1,90.0,135.0,6,1,,147.0,0.0,,,,,1,95.0,142.0,7,1,,147.0,0.0,,,,,1,95.0,142.0,8,1,,148.0,0.0,,,,,1,95.0,143.0,9,1,,148.0,0.0,3,1,1,The experiment provided interesting insights into trust and investment dynamics. It was intriguing to see how different investment strategies could impact the outcomes for both the investor and the manager. Perhaps future iterations could explore additional variables or scenarios that could affect the trust and decision-making process further.,1,95.0,143.0,10
2,bha8hwz2,,0,80,80,ftrust,Thanks,2024-04-30 00:22:59.189223,1,,,1223.0,1223.0,,,,,,,9gqqpu8g,,,,,0,0.0,ftrust,1.0,,,,,,,,,,,,,,,,,,,,,,,,,,,,,,,,,,,,,,,,,,,,,,,,,,,,,,,,,,,,,,,,,,,,,,,,,,,,,,,,,,,,,,,,,,,,,,,,,,,,,,,,,,,,,,,,,,,,,,,,,2,,75.0,0.0,,,,,1,50.0,75.0,1,2,,90.0,0.0,,,,,1,60.0,90.0,2,2,,105.0,0.0,,,,,1,70.0,105.0,3,2,,120.0,0.0,,,,,1,80.0,120.0,4,2,,128.0,0.0,,,,,1,85.0,127.0,5,2,,135.0,0.0,,,,,1,90.0,135.0,6,2,,143.0,0.0,,,,,1,95.0,142.0,7,2,,143.0,0.0,,,,,1,95.0,142.0,8,2,,142.0,0.0,,,,,1,95.0,143.0,9,2,,142.0,0.0,3,2,1,,1,95.0,143.0,10
3,u6p5g8u0,,0,80,80,ftrust,Thanks,2024-04-30 00:22:59.245036,1,,,1374.0,1374.0,,,,,,,9gqqpu8g,,,,,0,0.0,ftrust,1.0,,,,,,,,,,,,,,,,,,,,,,,,,,,,,,,,,,,,,,,,,,,,,,,,,,,,,,,,,,,,,,,,,,,,,,,,,,,,,,,,,,,,,,,,,,,,,,,,,,,,,,,,,,,,,,,,,,,,,,,,,1,,125.0,0.0,,,,,2,50.0,75.0,1,1,,110.0,0.0,,,,,2,50.0,60.0,2,1,,130.0,0.0,,,,,2,60.0,90.0,3,1,,135.0,0.0,,,,,2,70.0,105.0,4,1,,140.0,0.0,,,,,2,80.0,120.0,5,1,,142.0,0.0,,,,,2,85.0,127.0,6,1,,145.0,0.0,,,,,2,90.0,135.0,7,1,,147.0,0.0,,,,,2,95.0,142.0,8,1,,150.0,0.0,,,,,2,100.0,150.0,9,1,,150.0,0.0,3,1,1,The experiment was engaging and provided insights into decision-making processes. A suggestion for improvement could be to provide a more detailed explanation of the multiplier effect.,2,100.0,150.0,10
4,l8f9it7u,,0,80,80,ftrust,Thanks,2024-04-30 00:22:59.570049,1,,,1186.0,1186.0,,,,,,,9gqqpu8g,,,,,0,0.0,ftrust,1.0,,,,,,,,,,,,,,,,,,,,,,,,,,,,,,,,,,,,,,,,,,,,,,,,,,,,,,,,,,,,,,,,,,,,,,,,,,,,,,,,,,,,,,,,,,,,,,,,,,,,,,,,,,,,,,,,,,,,,,,,,2,,75.0,0.0,,,,,2,50.0,75.0,1,2,,90.0,0.0,,,,,2,50.0,60.0,2,2,,90.0,0.0,,,,,2,60.0,90.0,3,2,,105.0,0.0,,,,,2,70.0,105.0,4,2,,120.0,0.0,,,,,2,80.0,120.0,5,2,,128.0,0.0,,,,,2,85.0,127.0,6,2,,135.0,0.0,,,,,2,90.0,135.0,7,2,,143.0,0.0,,,,,2,95.0,142.0,8,2,,150.0,0.0,,,,,2,100.0,150.0,9,2,,150.0,0.0,3,2,1,The experiment was engaging and provided valuable insights into strategic decision-making and the dynamics of trust and investment between managers and investors.,2,100.0,150.0,10
5,6kfxmpun,,0,80,80,ftrust,Thanks,2024-04-30 00:23:01.046826,1,,,1423.0,1423.0,,,,,,,9gqqpu8g,,,,,0,0.0,ftrust,1.0,,,,,,,,,,,,,,,,,,,,,,,,,,,,,,,,,,,,,,,,,,,,,,,,,,,,,,,,,,,,,,,,,,,,,,,,,,,,,,,,,,,,,,,,,,,,,,,,,,,,,,,,,,,,,,,,,,,,,,,,,1,,125.0,0.0,,,,,3,50.0,75.0,1,1,,130.0,0.0,,,,,3,60.0,90.0,2,1,,135.0,0.0,,,,,3,70.0,105.0,3,1,,140.0,0.0,,,,,3,80.0,120.0,4,1,,145.0,0.0,,,,,3,90.0,135.0,5,1,,148.0,0.0,,,,,3,95.0,143.0,6,1,,150.0,0.0,,,,,3,100.0,150.0,7,1,,150.0,0.0,,,,,3,100.0,150.0,8,1,,150.0,0.0,,,,,3,100.0,150.0,9,1,,150.0,0.0,3,1,1,"The strategy of consistently investing 100 points per round proved to be effective, resulting in a final positive outcome. Suggestions for future experiments could include varying the multiplier effect to see how it influences the decision-making process of both investors and managers.",3,100.0,150.0,10
6,rauzitb3,,0,80,80,ftrust,Thanks,2024-04-30 00:22:59.271285,1,,,1267.0,1267.0,,,,,,,9gqqpu8g,,,,,0,0.0,ftrust,1.0,,,,,,,,,,,,,,,,,,,,,,,,,,,,,,,,,,,,,,,,,,,,,,,,,,,,,,,,,,,,,,,,,,,,,,,,,,,,,,,,,,,,,,,,,,,,,,,,,,,,,,,,,,,,,,,,,,,,,,,,,2,,75.0,0.0,,,,,3,50.0,75.0,1,2,,90.0,0.0,,,,,3,60.0,90.0,2,2,,105.0,0.0,,,,,3,70.0,105.0,3,2,,120.0,0.0,,,,,3,80.0,120.0,4,2,,135.0,0.0,,,,,3,90.0,135.0,5,2,,142.0,0.0,,,,,3,95.0,143.0,6,2,,150.0,0.0,,,,,3,100.0,150.0,7,2,,150.0,0.0,,,,,3,100.0,150.0,8,2,,150.0,0.0,,,,,3,100.0,150.0,9,2,,150.0,0.0,3,2,1,The experiment offered valuable insights into the importance of trust and reciprocity in economic transactions.,3,100.0,150.0,10
7,srpduwt8,,0,80,80,ftrust,Thanks,2024-04-30 00:22:59.529770,1,,,1419.0,1419.0,,,,,,,9gqqpu8g,,,,,0,0.0,ftrust,1.0,,,,,,,,,,,,,,,,,,,,,,,,,,,,,,,,,,,,,,,,,,,,,,,,,,,,,,,,,,,,,,,,,,,,,,,,,,,,,,,,,,,,,,,,,,,,,,,,,,,,,,,,,,,,,,,,,,,,,,,,,1,,125.0,0.0,,,,,4,50.0,75.0,1,1,,130.0,0.0,,,,,4,60.0,90.0,2,1,,135.0,0.0,,,,,4,70.0,105.0,3,1,,140.0,0.0,,,,,4,80.0,120.0,4,1,,145.0,0.0,,,,,4,90.0,135.0,5,1,,148.0,0.0,,,,,4,95.0,143.0,6,1,,148.0,0.0,,,,,4,96.0,144.0,7,1,,149.0,0.0,,,,,4,97.0,146.0,8,1,,149.0,0.0,,,,,4,98.0,147.0,9,1,,150.0,0.0,3,1,1,The experiment was insightful and engaging. It would be interesting to see how different strategies affect the outcome over more rounds or varying conditions.,4,99.0,149.0,10
8,en7s7uoo,,0,80,80,ftrust,Thanks,2024-04-30 00:22:59.471279,1,,,1251.0,1251.0,,,,,,,9gqqpu8g,,,,,0,0.0,ftrust,1.0,,,,,,,,,,,,,,,,,,,,,,,,,,,,,,,,,,,,,,,,,,,,,,,,,,,,,,,,,,,,,,,,,,,,,,,,,,,,,,,,,,,,,,,,,,,,,,,,,,,,,,,,,,,,,,,,,,,,,,,,,2,,75.0,0.0,,,,,4,50.0,75.0,1,2,,90.0,0.0,,,,,4,60.0,90.0,2,2,,105.0,0.0,,,,,4,70.0,105.0,3,2,,120.0,0.0,,,,,4,80.0,120.0,4,2,,135.0,0.0,,,,,4,90.0,135.0,5,2,,142.0,0.0,,,,,4,95.0,143.0,6,2,,144.0,0.0,,,,,4,96.0,144.0,7,2,,145.0,0.0,,,,,4,97.0,146.0,8,2,,147.0,0.0,,,,,4,98.0,147.0,9,2,,148.0,0.0,3,2,2,"No specific feedback, the experiment was straightforward.",4,99.0,149.0,10
9,goe1g4jb,,0,80,80,ftrust,Thanks,2024-04-30 00:23:00.110817,1,,,1413.0,1413.0,,,,,,,9gqqpu8g,,,,,0,0.0,ftrust,1.0,,,,,,,,,,,,,,,,,,,,,,,,,,,,,,,,,,,,,,,,,,,,,,,,,,,,,,,,,,,,,,,,,,,,,,,,,,,,,,,,,,,,,,,,,,,,,,,,,,,,,,,,,,,,,,,,,,,,,,,,,1,,125.0,0.0,,,,,5,50.0,75.0,1,1,,130.0,0.0,,,,,5,60.0,90.0,2,1,,135.0,0.0,,,,,5,70.0,105.0,3,1,,140.0,0.0,,,,,5,80.0,120.0,4,1,,142.0,0.0,,,,,5,85.0,127.0,5,1,,145.0,0.0,,,,,5,90.0,135.0,6,1,,148.0,0.0,,,,,5,95.0,143.0,7,1,,149.0,0.0,,,,,5,98.0,147.0,8,1,,149.0,0.0,,,,,5,99.0,148.0,9,1,,150.0,0.0,3,1,1,No specific feedback,5,100.0,150.0,10
10,pgmkkd0w,,0,80,80,ftrust,Thanks,2024-04-30 00:22:59.279598,1,,,1241.0,1241.0,,,,,,,9gqqpu8g,,,,,0,0.0,ftrust,1.0,,,,,,,,,,,,,,,,,,,,,,,,,,,,,,,,,,,,,,,,,,,,,,,,,,,,,,,,,,,,,,,,,,,,,,,,,,,,,,,,,,,,,,,,,,,,,,,,,,,,,,,,,,,,,,,,,,,,,,,,,2,,75.0,0.0,,,,,5,50.0,75.0,1,2,,90.0,0.0,,,,,5,60.0,90.0,2,2,,105.0,0.0,,,,,5,70.0,105.0,3,2,,120.0,0.0,,,,,5,80.0,120.0,4,2,,128.0,0.0,,,,,5,85.0,127.0,5,2,,135.0,0.0,,,,,5,90.0,135.0,6,2,,142.0,0.0,,,,,5,95.0,143.0,7,2,,147.0,0.0,,,,,5,98.0,147.0,8,2,,149.0,0.0,,,,,5,99.0,148.0,9,2,,150.0,0.0,3,2,1,The experiment provides interesting insights into investment and dividend strategies and how they impact the dynamics between investors and managers. Further exploration into how different multipliers affect decisions could be valuable.,5,100.0,150.0,10
1,apkz2hzu,,0,80,80,trust,Thanks,2024-04-30 00:35:53.703896,1,,,1425.0,1425.0,,,,,,,vb9dtvjw,,,,,0,0.0,trust,1.0,1,,125.0,0.0,,,,,1,50.0,75.0,1,1,,130.0,0.0,,,,,1,60.0,90.0,2,1,,135.0,0.0,,,,,1,70.0,105.0,3,1,,140.0,0.0,,,,,1,80.0,120.0,4,1,,145.0,0.0,,,,,1,90.0,135.0,5,1,,150.0,0.0,,,,,1,100.0,150.0,6,1,,150.0,0.0,,,,,1,100.0,150.0,7,1,,150.0,0.0,,,,,1,100.0,150.0,8,1,,150.0,0.0,,,,,1,100.0,150.0,9,1,,150.0,0.0,3,1,1,The experiment illustrated the importance of trust and reciprocity in economic games. It would be interesting to see how varying the multiplier affects strategies and outcomes.,1,100.0,150.0,10,,,,,,,,,,,,,,,,,,,,,,,,,,,,,,,,,,,,,,,,,,,,,,,,,,,,,,,,,,,,,,,,,,,,,,,,,,,,,,,,,,,,,,,,,,,,,,,,,,,,,,,,,,,,,,,,,,,,,,,,
2,bgyyvrti,,0,80,80,trust,Thanks,2024-04-30 00:37:13.267355,1,,,1275.0,1275.0,,,,,,,vb9dtvjw,,,,,0,0.0,trust,1.0,2,,75.0,0.0,,,,,1,50.0,75.0,1,2,,90.0,0.0,,,,,1,60.0,90.0,2,2,,105.0,0.0,,,,,1,70.0,105.0,3,2,,120.0,0.0,,,,,1,80.0,120.0,4,2,,135.0,0.0,,,,,1,90.0,135.0,5,2,,150.0,0.0,,,,,1,100.0,150.0,6,2,,150.0,0.0,,,,,1,100.0,150.0,7,2,,150.0,0.0,,,,,1,100.0,150.0,8,2,,150.0,0.0,,,,,1,100.0,150.0,9,2,,150.0,0.0,3,2,2,The experiment was engaging and provided insights into decision-making processes around fairness and asset distribution.,1,100.0,150.0,10,,,,,,,,,,,,,,,,,,,,,,,,,,,,,,,,,,,,,,,,,,,,,,,,,,,,,,,,,,,,,,,,,,,,,,,,,,,,,,,,,,,,,,,,,,,,,,,,,,,,,,,,,,,,,,,,,,,,,,,,
3,jnd0loao,,0,80,80,trust,Thanks,2024-04-30 00:35:53.776269,1,,,1000.0,1000.0,,,,,,,vb9dtvjw,,,,,0,0.0,trust,1.0,1,,100.0,0.0,,,,,2,50.0,50.0,1,1,,100.0,0.0,,,,,2,50.0,50.0,2,1,,100.0,0.0,,,,,2,50.0,50.0,3,1,,100.0,0.0,,,,,2,50.0,50.0,4,1,,100.0,0.0,,,,,2,50.0,50.0,5,1,,100.0,0.0,,,,,2,50.0,50.0,6,1,,100.0,0.0,,,,,2,50.0,50.0,7,1,,100.0,0.0,,,,,2,50.0,50.0,8,1,,100.0,0.0,,,,,2,50.0,50.0,9,1,,100.0,0.0,3,1,1,The experiment provides interesting insights into decision-making and reciprocity in economic games. It would be interesting to see variations where the multiplier changes or if the rounds were increased to observe long-term strategies.,2,50.0,50.0,10,,,,,,,,,,,,,,,,,,,,,,,,,,,,,,,,,,,,,,,,,,,,,,,,,,,,,,,,,,,,,,,,,,,,,,,,,,,,,,,,,,,,,,,,,,,,,,,,,,,,,,,,,,,,,,,,,,,,,,,,
4,wrsd6qt8,,0,80,80,trust,Thanks,2024-04-30 00:35:53.721250,1,,,1000.0,1000.0,,,,,,,vb9dtvjw,,,,,0,0.0,trust,1.0,2,,100.0,0.0,,,,,2,50.0,50.0,1,2,,100.0,0.0,,,,,2,50.0,50.0,2,2,,100.0,0.0,,,,,2,50.0,50.0,3,2,,100.0,0.0,,,,,2,50.0,50.0,4,2,,100.0,0.0,,,,,2,50.0,50.0,5,2,,100.0,0.0,,,,,2,50.0,50.0,6,2,,100.0,0.0,,,,,2,50.0,50.0,7,2,,100.0,0.0,,,,,2,50.0,50.0,8,2,,100.0,0.0,,,,,2,50.0,50.0,9,2,,100.0,0.0,3,2,1,"The experiment was insightful, showcasing how mutual benefit and fairness can shape decision-making in game theory contexts. It would be interesting to explore variations in the multiplier effect.",2,50.0,50.0,10,,,,,,,,,,,,,,,,,,,,,,,,,,,,,,,,,,,,,,,,,,,,,,,,,,,,,,,,,,,,,,,,,,,,,,,,,,,,,,,,,,,,,,,,,,,,,,,,,,,,,,,,,,,,,,,,,,,,,,,,
5,dif6skd4,,0,80,80,trust,Thanks,2024-04-30 00:35:53.714352,1,,,1387.0,1387.0,,,,,,,vb9dtvjw,,,,,0,0.0,trust,1.0,1,,125.0,0.0,,,,,3,50.0,75.0,1,1,,130.0,0.0,,,,,3,60.0,90.0,2,1,,133.0,0.0,,,,,3,65.0,98.0,3,1,,135.0,0.0,,,,,3,70.0,105.0,4,1,,138.0,0.0,,,,,3,75.0,113.0,5,1,,140.0,0.0,,,,,3,80.0,120.0,6,1,,143.0,0.0,,,,,3,85.0,128.0,7,1,,145.0,0.0,,,,,3,90.0,135.0,8,1,,148.0,0.0,,,,,3,95.0,143.0,9,1,,150.0,0.0,3,1,1,The experiment was engaging and provided insight into decision-making processes in economic games.,3,100.0,150.0,10,,,,,,,,,,,,,,,,,,,,,,,,,,,,,,,,,,,,,,,,,,,,,,,,,,,,,,,,,,,,,,,,,,,,,,,,,,,,,,,,,,,,,,,,,,,,,,,,,,,,,,,,,,,,,,,,,,,,,,,,
6,b7ut6zmq,,0,80,80,trust,Thanks,2024-04-30 00:35:53.694594,1,,,1153.0,1153.0,,,,,,,vb9dtvjw,,,,,0,0.0,trust,1.0,2,,75.0,0.0,,,,,3,50.0,75.0,1,2,,90.0,0.0,,,,,3,60.0,90.0,2,2,,97.0,0.0,,,,,3,65.0,98.0,3,2,,105.0,0.0,,,,,3,70.0,105.0,4,2,,112.0,0.0,,,,,3,75.0,113.0,5,2,,120.0,0.0,,,,,3,80.0,120.0,6,2,,127.0,0.0,,,,,3,85.0,128.0,7,2,,135.0,0.0,,,,,3,90.0,135.0,8,2,,142.0,0.0,,,,,3,95.0,143.0,9,2,,150.0,0.0,3,2,1,No specific feedback,3,100.0,150.0,10,,,,,,,,,,,,,,,,,,,,,,,,,,,,,,,,,,,,,,,,,,,,,,,,,,,,,,,,,,,,,,,,,,,,,,,,,,,,,,,,,,,,,,,,,,,,,,,,,,,,,,,,,,,,,,,,,,,,,,,,
7,x4vcukt4,,0,80,80,trust,Thanks,2024-04-30 00:35:53.737040,1,,,1000.0,1000.0,,,,,,,vb9dtvjw,,,,,0,0.0,trust,1.0,1,,100.0,0.0,,,,,4,50.0,50.0,1,1,,100.0,0.0,,,,,4,60.0,60.0,2,1,,100.0,0.0,,,,,4,50.0,50.0,3,1,,100.0,0.0,,,,,4,40.0,40.0,4,1,,100.0,0.0,,,,,4,30.0,30.0,5,1,,100.0,0.0,,,,,4,25.0,25.0,6,1,,100.0,0.0,,,,,4,20.0,20.0,7,1,,100.0,0.0,,,,,4,20.0,20.0,8,1,,100.0,0.0,,,,,4,20.0,20.0,9,1,,100.0,0.0,3,1,1,The experiment was engaging and provided insights into strategic cooperation. Maintaining the multiplier effect as a constant in all rounds could potentially affect strategies; varying this aspect might reveal more nuanced behaviors.,4,20.0,20.0,10,,,,,,,,,,,,,,,,,,,,,,,,,,,,,,,,,,,,,,,,,,,,,,,,,,,,,,,,,,,,,,,,,,,,,,,,,,,,,,,,,,,,,,,,,,,,,,,,,,,,,,,,,,,,,,,,,,,,,,,,
8,41xblp8z,,0,80,80,trust,Thanks,2024-04-30 00:35:54.611615,1,,,670.0,670.0,,,,,,,vb9dtvjw,,,,,0,0.0,trust,1.0,2,,100.0,0.0,,,,,4,50.0,50.0,1,2,,120.0,0.0,,,,,4,60.0,60.0,2,2,,100.0,0.0,,,,,4,50.0,50.0,3,2,,80.0,0.0,,,,,4,40.0,40.0,4,2,,60.0,0.0,,,,,4,30.0,30.0,5,2,,50.0,0.0,,,,,4,25.0,25.0,6,2,,40.0,0.0,,,,,4,20.0,20.0,7,2,,40.0,0.0,,,,,4,20.0,20.0,8,2,,40.0,0.0,,,,,4,20.0,20.0,9,2,,40.0,0.0,3,2,1,The experiment was engaging and provided insight into decision-making in a reciprocal exchange setting. Mirroring strategies led to a fair and cooperative outcome.,4,20.0,20.0,10,,,,,,,,,,,,,,,,,,,,,,,,,,,,,,,,,,,,,,,,,,,,,,,,,,,,,,,,,,,,,,,,,,,,,,,,,,,,,,,,,,,,,,,,,,,,,,,,,,,,,,,,,,,,,,,,,,,,,,,,
9,yxrwt9nc,,0,80,80,trust,Thanks,2024-04-30 00:35:53.766264,1,,,1000.0,1000.0,,,,,,,vb9dtvjw,,,,,0,0.0,trust,1.0,1,,100.0,0.0,,,,,5,50.0,50.0,1,1,,100.0,0.0,,,,,5,60.0,60.0,2,1,,100.0,0.0,,,,,5,70.0,70.0,3,1,,100.0,0.0,,,,,5,80.0,80.0,4,1,,100.0,0.0,,,,,5,90.0,90.0,5,1,,100.0,0.0,,,,,5,100.0,100.0,6,1,,100.0,0.0,,,,,5,100.0,100.0,7,1,,100.0,0.0,,,,,5,100.0,100.0,8,1,,100.0,0.0,,,,,5,100.0,100.0,9,1,,100.0,0.0,3,1,1,,5,100.0,100.0,10,,,,,,,,,,,,,,,,,,,,,,,,,,,,,,,,,,,,,,,,,,,,,,,,,,,,,,,,,,,,,,,,,,,,,,,,,,,,,,,,,,,,,,,,,,,,,,,,,,,,,,,,,,,,,,,,,,,,,,,,
10,vhadv539,,0,80,80,trust,Thanks,2024-04-30 00:35:53.742018,1,,,1700.0,1700.0,,,,,,,vb9dtvjw,,,,,0,0.0,trust,1.0,2,,100.0,0.0,,,,,5,50.0,50.0,1,2,,120.0,0.0,,,,,5,60.0,60.0,2,2,,140.0,0.0,,,,,5,70.0,70.0,3,2,,160.0,0.0,,,,,5,80.0,80.0,4,2,,180.0,0.0,,,,,5,90.0,90.0,5,2,,200.0,0.0,,,,,5,100.0,100.0,6,2,,200.0,0.0,,,,,5,100.0,100.0,7,2,,200.0,0.0,,,,,5,100.0,100.0,8,2,,200.0,0.0,,,,,5,100.0,100.0,9,2,,200.0,0.0,3,2,1,The experiment was insightful regarding trust and cooperation in games involving money exchange. Suggestions for improvement could include varying the points multiplier to study its impact on the dynamics of trust and cooperation more deeply.,5,100.0,100.0,10,,,,,,,,,,,,,,,,,,,,,,,,,,,,,,,,,,,,,,,,,,,,,,,,,,,,,,,,,,,,,,,,,,,,,,,,,,,,,,,,,,,,,,,,,,,,,,,,,,,,,,,,,,,,,,,,,,,,,,,,
1,dedneiq7,,0,80,80,ftrust,Thanks,2024-04-30 00:46:29.439327,1,,,1414.0,1414.0,,,,,,,apr14jvs,,,,,0,0.0,ftrust,1.0,,,,,,,,,,,,,,,,,,,,,,,,,,,,,,,,,,,,,,,,,,,,,,,,,,,,,,,,,,,,,,,,,,,,,,,,,,,,,,,,,,,,,,,,,,,,,,,,,,,,,,,,,,,,,,,,,,,,,,,,,1,,125.0,0.0,,,,,1,50.0,75.0,1,1,,130.0,0.0,,,,,1,60.0,90.0,2,1,,135.0,0.0,,,,,1,70.0,105.0,3,1,,140.0,0.0,,,,,1,80.0,120.0,4,1,,142.0,0.0,,,,,1,85.0,127.0,5,1,,145.0,0.0,,,,,1,90.0,135.0,6,1,,147.0,0.0,,,,,1,95.0,142.0,7,1,,150.0,0.0,,,,,1,100.0,150.0,8,1,,150.0,0.0,,,,,1,100.0,150.0,9,1,,150.0,0.0,3,1,1,The experiment was insightful in understanding how strategic investments can enhance returns over multiple rounds. It would be interesting to explore how different investment strategies might affect the outcomes in similar settings.,1,100.0,150.0,10
2,35sc89o0,,0,80,80,ftrust,Thanks,2024-04-30 00:46:29.348150,1,,,1246.0,1246.0,,,,,,,apr14jvs,,,,,0,0.0,ftrust,1.0,,,,,,,,,,,,,,,,,,,,,,,,,,,,,,,,,,,,,,,,,,,,,,,,,,,,,,,,,,,,,,,,,,,,,,,,,,,,,,,,,,,,,,,,,,,,,,,,,,,,,,,,,,,,,,,,,,,,,,,,,2,,75.0,0.0,,,,,1,50.0,75.0,1,2,,90.0,0.0,,,,,1,60.0,90.0,2,2,,105.0,0.0,,,,,1,70.0,105.0,3,2,,120.0,0.0,,,,,1,80.0,120.0,4,2,,128.0,0.0,,,,,1,85.0,127.0,5,2,,135.0,0.0,,,,,1,90.0,135.0,6,2,,143.0,0.0,,,,,1,95.0,142.0,7,2,,150.0,0.0,,,,,1,100.0,150.0,8,2,,150.0,0.0,,,,,1,100.0,150.0,9,2,,150.0,0.0,3,2,1,,1,100.0,150.0,10
3,88klcqxo,,0,80,80,ftrust,Thanks,2024-04-30 00:46:29.307616,1,,,1413.0,1413.0,,,,,,,apr14jvs,,,,,0,0.0,ftrust,1.0,,,,,,,,,,,,,,,,,,,,,,,,,,,,,,,,,,,,,,,,,,,,,,,,,,,,,,,,,,,,,,,,,,,,,,,,,,,,,,,,,,,,,,,,,,,,,,,,,,,,,,,,,,,,,,,,,,,,,,,,,1,,125.0,0.0,,,,,2,50.0,75.0,1,1,,130.0,0.0,,,,,2,60.0,90.0,2,1,,135.0,0.0,,,,,2,70.0,105.0,3,1,,140.0,0.0,,,,,2,80.0,120.0,4,1,,145.0,0.0,,,,,2,90.0,135.0,5,1,,147.0,0.0,,,,,2,95.0,142.0,6,1,,147.0,0.0,,,,,2,95.0,142.0,7,1,,148.0,0.0,,,,,2,95.0,143.0,8,1,,148.0,0.0,,,,,2,95.0,143.0,9,1,,148.0,0.0,3,1,1,,2,95.0,143.0,10
4,4wtlqfht,,0,80,80,ftrust,Thanks,2024-04-30 00:46:29.460727,1,,,1237.0,1237.0,,,,,,,apr14jvs,,,,,0,0.0,ftrust,1.0,,,,,,,,,,,,,,,,,,,,,,,,,,,,,,,,,,,,,,,,,,,,,,,,,,,,,,,,,,,,,,,,,,,,,,,,,,,,,,,,,,,,,,,,,,,,,,,,,,,,,,,,,,,,,,,,,,,,,,,,,2,,75.0,0.0,,,,,2,50.0,75.0,1,2,,90.0,0.0,,,,,2,60.0,90.0,2,2,,105.0,0.0,,,,,2,70.0,105.0,3,2,,120.0,0.0,,,,,2,80.0,120.0,4,2,,135.0,0.0,,,,,2,90.0,135.0,5,2,,143.0,0.0,,,,,2,95.0,142.0,6,2,,143.0,0.0,,,,,2,95.0,142.0,7,2,,142.0,0.0,,,,,2,95.0,143.0,8,2,,142.0,0.0,,,,,2,95.0,143.0,9,2,,142.0,0.0,3,2,1,"The strategic approach of sharing significant portions of the gains was both rewarding and challenging, encouraging constant evaluation of partnership dynamics.",2,95.0,143.0,10
5,bvafvkx3,,0,80,80,ftrust,Thanks,2024-04-30 00:46:29.392116,1,,,1425.0,1425.0,,,,,,,apr14jvs,,,,,0,0.0,ftrust,1.0,,,,,,,,,,,,,,,,,,,,,,,,,,,,,,,,,,,,,,,,,,,,,,,,,,,,,,,,,,,,,,,,,,,,,,,,,,,,,,,,,,,,,,,,,,,,,,,,,,,,,,,,,,,,,,,,,,,,,,,,,1,,125.0,0.0,,,,,3,50.0,75.0,1,1,,130.0,0.0,,,,,3,60.0,90.0,2,1,,135.0,0.0,,,,,3,70.0,105.0,3,1,,140.0,0.0,,,,,3,80.0,120.0,4,1,,145.0,0.0,,,,,3,90.0,135.0,5,1,,150.0,0.0,,,,,3,100.0,150.0,6,1,,150.0,0.0,,,,,3,100.0,150.0,7,1,,150.0,0.0,,,,,3,100.0,150.0,8,1,,150.0,0.0,,,,,3,100.0,150.0,9,1,,150.0,0.0,3,1,1,The experiment was engaging and provided clear insights into the dynamics between investors and managers. It would be interesting to see how the strategies change with different multipliers or rounds.,3,100.0,150.0,10
6,1cbhgi8b,,0,80,80,ftrust,Thanks,2024-04-30 00:46:29.320663,1,,,1275.0,1275.0,,,,,,,apr14jvs,,,,,0,0.0,ftrust,1.0,,,,,,,,,,,,,,,,,,,,,,,,,,,,,,,,,,,,,,,,,,,,,,,,,,,,,,,,,,,,,,,,,,,,,,,,,,,,,,,,,,,,,,,,,,,,,,,,,,,,,,,,,,,,,,,,,,,,,,,,,2,,75.0,0.0,,,,,3,50.0,75.0,1,2,,90.0,0.0,,,,,3,60.0,90.0,2,2,,105.0,0.0,,,,,3,70.0,105.0,3,2,,120.0,0.0,,,,,3,80.0,120.0,4,2,,135.0,0.0,,,,,3,90.0,135.0,5,2,,150.0,0.0,,,,,3,100.0,150.0,6,2,,150.0,0.0,,,,,3,100.0,150.0,7,2,,150.0,0.0,,,,,3,100.0,150.0,8,2,,150.0,0.0,,,,,3,100.0,150.0,9,2,,150.0,0.0,3,2,1,The game was a fascinating exploration of trust and cooperation between the investor and the manager. I appreciate how the setup encouraged consideration of mutual benefit versus individual gain.,3,100.0,150.0,10
7,pdbe0b64,,0,80,80,ftrust,Thanks,2024-04-30 00:46:29.342268,1,,,1414.0,1414.0,,,,,,,apr14jvs,,,,,0,0.0,ftrust,1.0,,,,,,,,,,,,,,,,,,,,,,,,,,,,,,,,,,,,,,,,,,,,,,,,,,,,,,,,,,,,,,,,,,,,,,,,,,,,,,,,,,,,,,,,,,,,,,,,,,,,,,,,,,,,,,,,,,,,,,,,,1,,125.0,0.0,,,,,4,50.0,75.0,1,1,,130.0,0.0,,,,,4,60.0,90.0,2,1,,135.0,0.0,,,,,4,70.0,105.0,3,1,,140.0,0.0,,,,,4,80.0,120.0,4,1,,142.0,0.0,,,,,4,85.0,127.0,5,1,,145.0,0.0,,,,,4,90.0,135.0,6,1,,147.0,0.0,,,,,4,95.0,142.0,7,1,,150.0,0.0,,,,,4,100.0,150.0,8,1,,150.0,0.0,,,,,4,100.0,150.0,9,1,,150.0,0.0,3,1,1,Your experiment provides valuable insights into investment strategies and decision-making processes. It would be interesting to see how different multipliers affect both the investor's and the manager's decisions.,4,100.0,150.0,10
8,7x05pqip,,0,80,80,ftrust,Thanks,2024-04-30 00:46:29.330394,1,,,1246.0,1246.0,,,,,,,apr14jvs,,,,,0,0.0,ftrust,1.0,,,,,,,,,,,,,,,,,,,,,,,,,,,,,,,,,,,,,,,,,,,,,,,,,,,,,,,,,,,,,,,,,,,,,,,,,,,,,,,,,,,,,,,,,,,,,,,,,,,,,,,,,,,,,,,,,,,,,,,,,2,,75.0,0.0,,,,,4,50.0,75.0,1,2,,90.0,0.0,,,,,4,60.0,90.0,2,2,,105.0,0.0,,,,,4,70.0,105.0,3,2,,120.0,0.0,,,,,4,80.0,120.0,4,2,,128.0,0.0,,,,,4,85.0,127.0,5,2,,135.0,0.0,,,,,4,90.0,135.0,6,2,,143.0,0.0,,,,,4,95.0,142.0,7,2,,150.0,0.0,,,,,4,100.0,150.0,8,2,,150.0,0.0,,,,,4,100.0,150.0,9,2,,150.0,0.0,3,2,2,"The experiment clearly explores decision-making strategies in a controlled setting, providing valuable insights into cooperative economic behaviors.",4,100.0,150.0,10
9,3knd1lcs,,0,80,80,ftrust,Thanks,2024-04-30 00:47:36.650784,1,,,1423.0,1423.0,,,,,,,apr14jvs,,,,,0,0.0,ftrust,1.0,,,,,,,,,,,,,,,,,,,,,,,,,,,,,,,,,,,,,,,,,,,,,,,,,,,,,,,,,,,,,,,,,,,,,,,,,,,,,,,,,,,,,,,,,,,,,,,,,,,,,,,,,,,,,,,,,,,,,,,,,1,,125.0,0.0,,,,,5,50.0,75.0,1,1,,130.0,0.0,,,,,5,60.0,90.0,2,1,,135.0,0.0,,,,,5,70.0,105.0,3,1,,140.0,0.0,,,,,5,80.0,120.0,4,1,,145.0,0.0,,,,,5,90.0,135.0,5,1,,148.0,0.0,,,,,5,95.0,143.0,6,1,,150.0,0.0,,,,,5,100.0,150.0,7,1,,150.0,0.0,,,,,5,100.0,150.0,8,1,,150.0,0.0,,,,,5,100.0,150.0,9,1,,150.0,0.0,3,1,1,"The experience was insightful, and the structure of investments and returns was clear. It would be interesting to see how the decisions between different pairs of investors and managers vary.",5,100.0,150.0,10
10,3fdbkyek,,0,80,80,ftrust,Thanks,2024-04-30 00:46:29.413584,1,,,1267.0,1267.0,,,,,,,apr14jvs,,,,,0,0.0,ftrust,1.0,,,,,,,,,,,,,,,,,,,,,,,,,,,,,,,,,,,,,,,,,,,,,,,,,,,,,,,,,,,,,,,,,,,,,,,,,,,,,,,,,,,,,,,,,,,,,,,,,,,,,,,,,,,,,,,,,,,,,,,,,2,,75.0,0.0,,,,,5,50.0,75.0,1,2,,90.0,0.0,,,,,5,60.0,90.0,2,2,,105.0,0.0,,,,,5,70.0,105.0,3,2,,120.0,0.0,,,,,5,80.0,120.0,4,2,,135.0,0.0,,,,,5,90.0,135.0,5,2,,142.0,0.0,,,,,5,95.0,143.0,6,2,,150.0,0.0,,,,,5,100.0,150.0,7,2,,150.0,0.0,,,,,5,100.0,150.0,8,2,,150.0,0.0,,,,,5,100.0,150.0,9,2,,150.0,0.0,3,2,2,The dynamics of trust and benefit distribution between the manager and investor through the use of the investment multiplier provide insightful observations on cooperative behavior.,5,100.0,150.0,10
1,9qiq6r3m,,0,80,80,trust,Thanks,2024-04-30 00:55:13.739250,1,,,1422.0,1422.0,,,,,,,yg2eyydc,,,,,0,0.0,trust,1.0,1,,125.0,0.0,,,,,1,50.0,75.0,1,1,,130.0,0.0,,,,,1,60.0,90.0,2,1,,135.0,0.0,,,,,1,70.0,105.0,3,1,,140.0,0.0,,,,,1,80.0,120.0,4,1,,145.0,0.0,,,,,1,90.0,135.0,5,1,,147.0,0.0,,,,,1,95.0,142.0,6,1,,150.0,0.0,,,,,1,100.0,150.0,7,1,,150.0,0.0,,,,,1,100.0,150.0,8,1,,150.0,0.0,,,,,1,100.0,150.0,9,1,,150.0,0.0,3,1,1,The experiment interestingly captures the dynamics of trust and reciprocity in a controlled environment. It would be intriguing to see how these dynamics change with variations in the multiplier effect or with different amounts of initial endowment.,1,100.0,150.0,10,,,,,,,,,,,,,,,,,,,,,,,,,,,,,,,,,,,,,,,,,,,,,,,,,,,,,,,,,,,,,,,,,,,,,,,,,,,,,,,,,,,,,,,,,,,,,,,,,,,,,,,,,,,,,,,,,,,,,,,,
2,wi5bcoev,,0,80,80,trust,Thanks,2024-04-30 00:55:13.591836,1,,,1268.0,1268.0,,,,,,,yg2eyydc,,,,,0,0.0,trust,1.0,2,,75.0,0.0,,,,,1,50.0,75.0,1,2,,90.0,0.0,,,,,1,60.0,90.0,2,2,,105.0,0.0,,,,,1,70.0,105.0,3,2,,120.0,0.0,,,,,1,80.0,120.0,4,2,,135.0,0.0,,,,,1,90.0,135.0,5,2,,143.0,0.0,,,,,1,95.0,142.0,6,2,,150.0,0.0,,,,,1,100.0,150.0,7,2,,150.0,0.0,,,,,1,100.0,150.0,8,2,,150.0,0.0,,,,,1,100.0,150.0,9,2,,150.0,0.0,3,2,1,The game presents an interesting exploration of cooperative behavior and fair exchange dynamics. It would be beneficial to see variations of the multiplier effect and its impact on decision-making strategies in future studies.,1,100.0,150.0,10,,,,,,,,,,,,,,,,,,,,,,,,,,,,,,,,,,,,,,,,,,,,,,,,,,,,,,,,,,,,,,,,,,,,,,,,,,,,,,,,,,,,,,,,,,,,,,,,,,,,,,,,,,,,,,,,,,,,,,,,
3,cmsaez17,,0,80,80,trust,Thanks,2024-04-30 00:55:15.151662,1,,,1423.0,1423.0,,,,,,,yg2eyydc,,,,,0,0.0,trust,1.0,1,,125.0,0.0,,,,,2,50.0,75.0,1,1,,130.0,0.0,,,,,2,60.0,90.0,2,1,,135.0,0.0,,,,,2,70.0,105.0,3,1,,140.0,0.0,,,,,2,80.0,120.0,4,1,,145.0,0.0,,,,,2,90.0,135.0,5,1,,148.0,0.0,,,,,2,95.0,143.0,6,1,,150.0,0.0,,,,,2,100.0,150.0,7,1,,150.0,0.0,,,,,2,100.0,150.0,8,1,,150.0,0.0,,,,,2,100.0,150.0,9,1,,150.0,0.0,3,1,1,The dynamic of increasing returns due to the multiplier was engaging and encouraged cooperative behavior. It would be interesting to see how the game plays out with different multiplier values or with more participants.,2,100.0,150.0,10,,,,,,,,,,,,,,,,,,,,,,,,,,,,,,,,,,,,,,,,,,,,,,,,,,,,,,,,,,,,,,,,,,,,,,,,,,,,,,,,,,,,,,,,,,,,,,,,,,,,,,,,,,,,,,,,,,,,,,,,
4,p8o2mfvq,,0,80,80,trust,Thanks,2024-04-30 00:55:13.636917,1,,,1267.0,1267.0,,,,,,,yg2eyydc,,,,,0,0.0,trust,1.0,2,,75.0,0.0,,,,,2,50.0,75.0,1,2,,90.0,0.0,,,,,2,60.0,90.0,2,2,,105.0,0.0,,,,,2,70.0,105.0,3,2,,120.0,0.0,,,,,2,80.0,120.0,4,2,,135.0,0.0,,,,,2,90.0,135.0,5,2,,142.0,0.0,,,,,2,95.0,143.0,6,2,,150.0,0.0,,,,,2,100.0,150.0,7,2,,150.0,0.0,,,,,2,100.0,150.0,8,2,,150.0,0.0,,,,,2,100.0,150.0,9,2,,150.0,0.0,3,2,2,This experiment provided insightful observations on cooperative decision-making and fairness in economic games. It would be interesting to see further variations on the multiplier effect and its influence on the dynamics between participants.,2,100.0,150.0,10,,,,,,,,,,,,,,,,,,,,,,,,,,,,,,,,,,,,,,,,,,,,,,,,,,,,,,,,,,,,,,,,,,,,,,,,,,,,,,,,,,,,,,,,,,,,,,,,,,,,,,,,,,,,,,,,,,,,,,,,
5,zcaf9h95,,0,80,80,trust,Thanks,2024-04-30 00:55:13.572303,1,,,1416.0,1416.0,,,,,,,yg2eyydc,,,,,0,0.0,trust,1.0,1,,125.0,0.0,,,,,3,50.0,75.0,1,1,,130.0,0.0,,,,,3,60.0,90.0,2,1,,135.0,0.0,,,,,3,70.0,105.0,3,1,,140.0,0.0,,,,,3,80.0,120.0,4,1,,143.0,0.0,,,,,3,85.0,128.0,5,1,,145.0,0.0,,,,,3,90.0,135.0,6,1,,148.0,0.0,,,,,3,95.0,143.0,7,1,,150.0,0.0,,,,,3,100.0,150.0,8,1,,150.0,0.0,,,,,3,100.0,150.0,9,1,,150.0,0.0,3,1,1,This experiment offered valuable insights into decision-making and reciprocity in a controlled game environment. I found it intriguing to see how the dynamics between sender and receiver evolved through the rounds.,3,100.0,150.0,10,,,,,,,,,,,,,,,,,,,,,,,,,,,,,,,,,,,,,,,,,,,,,,,,,,,,,,,,,,,,,,,,,,,,,,,,,,,,,,,,,,,,,,,,,,,,,,,,,,,,,,,,,,,,,,,,,,,,,,,,
6,y6uohde5,,0,80,80,trust,Thanks,2024-04-30 00:55:14.011428,1,,,1244.0,1244.0,,,,,,,yg2eyydc,,,,,0,0.0,trust,1.0,2,,75.0,0.0,,,,,3,50.0,75.0,1,2,,90.0,0.0,,,,,3,60.0,90.0,2,2,,105.0,0.0,,,,,3,70.0,105.0,3,2,,120.0,0.0,,,,,3,80.0,120.0,4,2,,127.0,0.0,,,,,3,85.0,128.0,5,2,,135.0,0.0,,,,,3,90.0,135.0,6,2,,142.0,0.0,,,,,3,95.0,143.0,7,2,,150.0,0.0,,,,,3,100.0,150.0,8,2,,150.0,0.0,,,,,3,100.0,150.0,9,2,,150.0,0.0,3,2,2,,3,100.0,150.0,10,,,,,,,,,,,,,,,,,,,,,,,,,,,,,,,,,,,,,,,,,,,,,,,,,,,,,,,,,,,,,,,,,,,,,,,,,,,,,,,,,,,,,,,,,,,,,,,,,,,,,,,,,,,,,,,,,,,,,,,,
7,imthqv5p,,0,80,80,trust,Thanks,2024-04-30 00:55:13.959478,1,,,1335.0,1335.0,,,,,,,yg2eyydc,,,,,0,0.0,trust,1.0,1,,125.0,0.0,,,,,4,50.0,75.0,1,1,,130.0,0.0,,,,,4,60.0,90.0,2,1,,135.0,0.0,,,,,4,70.0,105.0,3,1,,135.0,0.0,,,,,4,70.0,105.0,4,1,,135.0,0.0,,,,,4,70.0,105.0,5,1,,135.0,0.0,,,,,4,70.0,105.0,6,1,,135.0,0.0,,,,,4,70.0,105.0,7,1,,135.0,0.0,,,,,4,70.0,105.0,8,1,,135.0,0.0,,,,,4,70.0,105.0,9,1,,135.0,0.0,3,1,1,The game is an interesting demonstration of how trust and cooperation can evolve over multiple rounds through incentive structures. It might be beneficial to include varying multipliers or other mechanics in future to observe changes in participant strategy.,4,70.0,105.0,10,,,,,,,,,,,,,,,,,,,,,,,,,,,,,,,,,,,,,,,,,,,,,,,,,,,,,,,,,,,,,,,,,,,,,,,,,,,,,,,,,,,,,,,,,,,,,,,,,,,,,,,,,,,,,,,,,,,,,,,,
8,5zwyia40,,0,80,80,trust,Thanks,2024-04-30 00:55:14.114228,1,,,1005.0,1005.0,,,,,,,yg2eyydc,,,,,0,0.0,trust,1.0,2,,75.0,0.0,,,,,4,50.0,75.0,1,2,,90.0,0.0,,,,,4,60.0,90.0,2,2,,105.0,0.0,,,,,4,70.0,105.0,3,2,,105.0,0.0,,,,,4,70.0,105.0,4,2,,105.0,0.0,,,,,4,70.0,105.0,5,2,,105.0,0.0,,,,,4,70.0,105.0,6,2,,105.0,0.0,,,,,4,70.0,105.0,7,2,,105.0,0.0,,,,,4,70.0,105.0,8,2,,105.0,0.0,,,,,4,70.0,105.0,9,2,,105.0,0.0,3,2,2,The experiment demonstrates interesting dynamics in cooperative decision-making and trust-building through reciprocity. It could be extended to include varying multiplier effects or other conditions to explore strategy adaptation.,4,70.0,105.0,10,,,,,,,,,,,,,,,,,,,,,,,,,,,,,,,,,,,,,,,,,,,,,,,,,,,,,,,,,,,,,,,,,,,,,,,,,,,,,,,,,,,,,,,,,,,,,,,,,,,,,,,,,,,,,,,,,,,,,,,,
9,64qtuk2s,,0,80,80,trust,Thanks,2024-04-30 00:55:15.887651,1,,,1250.0,1250.0,,,,,,,yg2eyydc,,,,,0,0.0,trust,1.0,1,,125.0,0.0,,,,,5,50.0,75.0,1,1,,125.0,0.0,,,,,5,50.0,75.0,2,1,,125.0,0.0,,,,,5,50.0,75.0,3,1,,125.0,0.0,,,,,5,50.0,75.0,4,1,,125.0,0.0,,,,,5,50.0,75.0,5,1,,125.0,0.0,,,,,5,50.0,75.0,6,1,,125.0,0.0,,,,,5,50.0,75.0,7,1,,125.0,0.0,,,,,5,50.0,75.0,8,1,,125.0,0.0,,,,,5,50.0,75.0,9,1,,125.0,0.0,3,1,1,No specific feedback,5,50.0,75.0,10,,,,,,,,,,,,,,,,,,,,,,,,,,,,,,,,,,,,,,,,,,,,,,,,,,,,,,,,,,,,,,,,,,,,,,,,,,,,,,,,,,,,,,,,,,,,,,,,,,,,,,,,,,,,,,,,,,,,,,,,
10,f9alimbg,,0,80,80,trust,Thanks,2024-04-30 00:55:13.934258,1,,,750.0,750.0,,,,,,,yg2eyydc,,,,,0,0.0,trust,1.0,2,,75.0,0.0,,,,,5,50.0,75.0,1,2,,75.0,0.0,,,,,5,50.0,75.0,2,2,,75.0,0.0,,,,,5,50.0,75.0,3,2,,75.0,0.0,,,,,5,50.0,75.0,4,2,,75.0,0.0,,,,,5,50.0,75.0,5,2,,75.0,0.0,,,,,5,50.0,75.0,6,2,,75.0,0.0,,,,,5,50.0,75.0,7,2,,75.0,0.0,,,,,5,50.0,75.0,8,2,,75.0,0.0,,,,,5,50.0,75.0,9,2,,75.0,0.0,3,2,1,The experiment was a fascinating exploration of trust and cooperation in economic exchanges. I appreciated the opportunity to strategize around reciprocity and see the effects of consistent behavior on the dynamics of the exchange.,5,50.0,75.0,10,,,,,,,,,,,,,,,,,,,,,,,,,,,,,,,,,,,,,,,,,,,,,,,,,,,,,,,,,,,,,,,,,,,,,,,,,,,,,,,,,,,,,,,,,,,,,,,,,,,,,,,,,,,,,,,,,,,,,,,,
1,usforp8d,,0,80,80,ftrust,Thanks,2024-04-30 01:04:03.764849,1,,,1415.0,1415.0,,,,,,,qir0wd3y,,,,,0,0.0,ftrust,1.0,,,,,,,,,,,,,,,,,,,,,,,,,,,,,,,,,,,,,,,,,,,,,,,,,,,,,,,,,,,,,,,,,,,,,,,,,,,,,,,,,,,,,,,,,,,,,,,,,,,,,,,,,,,,,,,,,,,,,,,,,1,,125.0,0.0,,,,,1,50.0,75.0,1,1,,130.0,0.0,,,,,1,60.0,90.0,2,1,,135.0,0.0,,,,,1,70.0,105.0,3,1,,140.0,0.0,,,,,1,80.0,120.0,4,1,,142.0,0.0,,,,,1,85.0,127.0,5,1,,145.0,0.0,,,,,1,90.0,135.0,6,1,,148.0,0.0,,,,,1,95.0,143.0,7,1,,150.0,0.0,,,,,1,100.0,150.0,8,1,,150.0,0.0,,,,,1,100.0,150.0,9,1,,150.0,0.0,3,1,1,The experiment was engaging and the strategy of aggressive investment paid off. It would be interesting to see variations in the multiplier effect or different strategies from the manager to compare outcomes.,1,100.0,150.0,10
2,33uckgp8,,0,80,80,ftrust,Thanks,2024-04-30 01:04:03.804614,1,,,1245.0,1245.0,,,,,,,qir0wd3y,,,,,0,0.0,ftrust,1.0,,,,,,,,,,,,,,,,,,,,,,,,,,,,,,,,,,,,,,,,,,,,,,,,,,,,,,,,,,,,,,,,,,,,,,,,,,,,,,,,,,,,,,,,,,,,,,,,,,,,,,,,,,,,,,,,,,,,,,,,,2,,75.0,0.0,,,,,1,50.0,75.0,1,2,,90.0,0.0,,,,,1,60.0,90.0,2,2,,105.0,0.0,,,,,1,70.0,105.0,3,2,,120.0,0.0,,,,,1,80.0,120.0,4,2,,128.0,0.0,,,,,1,85.0,127.0,5,2,,135.0,0.0,,,,,1,90.0,135.0,6,2,,142.0,0.0,,,,,1,95.0,143.0,7,2,,150.0,0.0,,,,,1,100.0,150.0,8,2,,150.0,0.0,,,,,1,100.0,150.0,9,2,,150.0,0.0,3,2,1,"The experiment was an interesting exploration of trust and strategy between managers and investors. It shows how balancing investments and returns can lead to mutual benefits. However, a bit more context on how these strategies affect long-term relationships would be helpful.",1,100.0,150.0,10
3,7ebd7d2y,,0,80,80,ftrust,Thanks,2024-04-30 01:04:04.488983,1,,,1250.0,1250.0,,,,,,,qir0wd3y,,,,,0,0.0,ftrust,1.0,,,,,,,,,,,,,,,,,,,,,,,,,,,,,,,,,,,,,,,,,,,,,,,,,,,,,,,,,,,,,,,,,,,,,,,,,,,,,,,,,,,,,,,,,,,,,,,,,,,,,,,,,,,,,,,,,,,,,,,,,1,,125.0,0.0,,,,,2,50.0,75.0,1,1,,125.0,0.0,,,,,2,50.0,75.0,2,1,,125.0,0.0,,,,,2,50.0,75.0,3,1,,125.0,0.0,,,,,2,50.0,75.0,4,1,,125.0,0.0,,,,,2,50.0,75.0,5,1,,125.0,0.0,,,,,2,50.0,75.0,6,1,,125.0,0.0,,,,,2,50.0,75.0,7,1,,125.0,0.0,,,,,2,50.0,75.0,8,1,,125.0,0.0,,,,,2,50.0,75.0,9,1,,125.0,0.0,3,1,1,The game provided a stimulating exercise in decision-making and risk assessment. It was interesting to see how trust and mutual benefit could be fostered in an economic simulation. More rounds could perhaps offer a deeper insight into strategies and their evolution.,2,50.0,75.0,10
4,590t7ahj,,0,80,80,ftrust,Thanks,2024-04-30 01:04:03.750498,1,,,750.0,750.0,,,,,,,qir0wd3y,,,,,0,0.0,ftrust,1.0,,,,,,,,,,,,,,,,,,,,,,,,,,,,,,,,,,,,,,,,,,,,,,,,,,,,,,,,,,,,,,,,,,,,,,,,,,,,,,,,,,,,,,,,,,,,,,,,,,,,,,,,,,,,,,,,,,,,,,,,,2,,75.0,0.0,,,,,2,50.0,75.0,1,2,,75.0,0.0,,,,,2,50.0,75.0,2,2,,75.0,0.0,,,,,2,50.0,75.0,3,2,,75.0,0.0,,,,,2,50.0,75.0,4,2,,75.0,0.0,,,,,2,50.0,75.0,5,2,,75.0,0.0,,,,,2,50.0,75.0,6,2,,75.0,0.0,,,,,2,50.0,75.0,7,2,,75.0,0.0,,,,,2,50.0,75.0,8,2,,75.0,0.0,,,,,2,50.0,75.0,9,2,,75.0,0.0,3,2,2,No specific feedback,2,50.0,75.0,10
5,jmsqc2dj,,0,80,80,ftrust,Thanks,2024-04-30 01:04:04.026008,1,,,1428.0,1428.0,,,,,,,qir0wd3y,,,,,0,0.0,ftrust,1.0,,,,,,,,,,,,,,,,,,,,,,,,,,,,,,,,,,,,,,,,,,,,,,,,,,,,,,,,,,,,,,,,,,,,,,,,,,,,,,,,,,,,,,,,,,,,,,,,,,,,,,,,,,,,,,,,,,,,,,,,,1,,125.0,0.0,,,,,3,50.0,75.0,1,1,,125.0,0.0,,,,,3,50.0,75.0,2,1,,130.0,0.0,,,,,3,60.0,90.0,3,1,,135.0,0.0,,,,,3,70.0,105.0,4,1,,140.0,0.0,,,,,3,80.0,120.0,5,1,,145.0,0.0,,,,,3,90.0,135.0,6,1,,148.0,0.0,,,,,3,95.0,143.0,7,1,,150.0,0.0,,,,,3,100.0,150.0,8,1,,160.0,0.0,,,,,3,100.0,160.0,9,1,,170.0,0.0,3,1,1,The experiment was insightful in understanding the dynamics of trust and investment between anonymous players. An area for improvement could be providing clearer instructions on the implications of the multiplier for newcomers to such experiments.,3,100.0,170.0,10
6,4qyrprm0,,0,80,80,ftrust,Thanks,2024-04-30 01:04:03.683374,1,,,1162.0,1162.0,,,,,,,qir0wd3y,,,,,0,0.0,ftrust,1.0,,,,,,,,,,,,,,,,,,,,,,,,,,,,,,,,,,,,,,,,,,,,,,,,,,,,,,,,,,,,,,,,,,,,,,,,,,,,,,,,,,,,,,,,,,,,,,,,,,,,,,,,,,,,,,,,,,,,,,,,,2,,75.0,0.0,,,,,3,50.0,75.0,1,2,,75.0,0.0,,,,,3,50.0,75.0,2,2,,90.0,0.0,,,,,3,60.0,90.0,3,2,,105.0,0.0,,,,,3,70.0,105.0,4,2,,120.0,0.0,,,,,3,80.0,120.0,5,2,,135.0,0.0,,,,,3,90.0,135.0,6,2,,142.0,0.0,,,,,3,95.0,143.0,7,2,,150.0,0.0,,,,,3,100.0,150.0,8,2,,140.0,0.0,,,,,3,100.0,160.0,9,2,,130.0,0.0,3,2,2,The strategy of incremental increase in return seems to be effective in enhancing trust and cooperation. It would be interesting to explore different strategies and their impacts on the game's dynamics.,3,100.0,170.0,10
7,4nj4g0ft,,0,80,80,ftrust,Thanks,2024-04-30 01:04:03.822002,1,,,1000.0,1000.0,,,,,,,qir0wd3y,,,,,0,0.0,ftrust,1.0,,,,,,,,,,,,,,,,,,,,,,,,,,,,,,,,,,,,,,,,,,,,,,,,,,,,,,,,,,,,,,,,,,,,,,,,,,,,,,,,,,,,,,,,,,,,,,,,,,,,,,,,,,,,,,,,,,,,,,,,,1,,100.0,0.0,,,,,4,50.0,50.0,1,1,,100.0,0.0,,,,,4,60.0,60.0,2,1,,100.0,0.0,,,,,4,70.0,70.0,3,1,,100.0,0.0,,,,,4,80.0,80.0,4,1,,100.0,0.0,,,,,4,90.0,90.0,5,1,,100.0,0.0,,,,,4,100.0,100.0,6,1,,100.0,0.0,,,,,4,100.0,100.0,7,1,,100.0,0.0,,,,,4,100.0,100.0,8,1,,100.0,0.0,,,,,4,100.0,100.0,9,1,,100.0,0.0,3,1,1,The experiment was insightful regarding the dynamics between managers and investors. It would be interesting to see how different levels of risk affect these dynamics and the overall strategy of both parties.,4,100.0,100.0,10
8,qtdn7rpb,,0,80,80,ftrust,Thanks,2024-04-30 01:04:03.392045,1,,,1700.0,1700.0,,,,,,,qir0wd3y,,,,,0,0.0,ftrust,1.0,,,,,,,,,,,,,,,,,,,,,,,,,,,,,,,,,,,,,,,,,,,,,,,,,,,,,,,,,,,,,,,,,,,,,,,,,,,,,,,,,,,,,,,,,,,,,,,,,,,,,,,,,,,,,,,,,,,,,,,,,2,,100.0,0.0,,,,,4,50.0,50.0,1,2,,120.0,0.0,,,,,4,60.0,60.0,2,2,,140.0,0.0,,,,,4,70.0,70.0,3,2,,160.0,0.0,,,,,4,80.0,80.0,4,2,,180.0,0.0,,,,,4,90.0,90.0,5,2,,200.0,0.0,,,,,4,100.0,100.0,6,2,,200.0,0.0,,,,,4,100.0,100.0,7,2,,200.0,0.0,,,,,4,100.0,100.0,8,2,,200.0,0.0,,,,,4,100.0,100.0,9,2,,200.0,0.0,3,2,1,"No specific feedback, the experiment was engaging and insightful.",4,100.0,100.0,10
9,c4cgi3cj,,0,80,80,ftrust,Thanks,2024-04-30 01:04:04.477915,1,,,1415.0,1415.0,,,,,,,qir0wd3y,,,,,0,0.0,ftrust,1.0,,,,,,,,,,,,,,,,,,,,,,,,,,,,,,,,,,,,,,,,,,,,,,,,,,,,,,,,,,,,,,,,,,,,,,,,,,,,,,,,,,,,,,,,,,,,,,,,,,,,,,,,,,,,,,,,,,,,,,,,,1,,125.0,0.0,,,,,5,50.0,75.0,1,1,,135.0,0.0,,,,,5,70.0,105.0,2,1,,140.0,0.0,,,,,5,80.0,120.0,3,1,,145.0,0.0,,,,,5,90.0,135.0,4,1,,147.0,0.0,,,,,5,95.0,142.0,5,1,,140.0,0.0,,,,,5,80.0,120.0,6,1,,142.0,0.0,,,,,5,85.0,127.0,7,1,,145.0,0.0,,,,,5,90.0,135.0,8,1,,148.0,0.0,,,,,5,95.0,143.0,9,1,,148.0,0.0,3,1,1,"The game was engaging and offered insightful perspectives on investment strategies and the dynamics between investor and manager. Considering potential improvements, additional clarity on the multiplier's mechanics and its impact on decisions might enhance understanding for participants.",5,95.0,143.0,10
10,5oc17735,,0,80,80,ftrust,Thanks,2024-04-30 01:04:03.459088,1,,,1245.0,1245.0,,,,,,,qir0wd3y,,,,,0,0.0,ftrust,1.0,,,,,,,,,,,,,,,,,,,,,,,,,,,,,,,,,,,,,,,,,,,,,,,,,,,,,,,,,,,,,,,,,,,,,,,,,,,,,,,,,,,,,,,,,,,,,,,,,,,,,,,,,,,,,,,,,,,,,,,,,2,,75.0,0.0,,,,,5,50.0,75.0,1,2,,105.0,0.0,,,,,5,70.0,105.0,2,2,,120.0,0.0,,,,,5,80.0,120.0,3,2,,135.0,0.0,,,,,5,90.0,135.0,4,2,,143.0,0.0,,,,,5,95.0,142.0,5,2,,120.0,0.0,,,,,5,80.0,120.0,6,2,,128.0,0.0,,,,,5,85.0,127.0,7,2,,135.0,0.0,,,,,5,90.0,135.0,8,2,,142.0,0.0,,,,,5,95.0,143.0,9,2,,142.0,0.0,3,2,2,The experiment was well-structured and provided interesting insights into decision-making strategies between investors and managers.,5,95.0,143.0,10
1,fx07wm48,,0,80,80,trust,Thanks,2024-04-30 01:14:29.034960,1,,,1402.0,1402.0,,,,,,,t16iq4lt,,,,,0,0.0,trust,1.0,1,,125.0,0.0,,,,,1,50.0,75.0,1,1,,130.0,0.0,,,,,1,60.0,90.0,2,1,,135.0,0.0,,,,,1,70.0,105.0,3,1,,137.0,0.0,,,,,1,75.0,112.0,4,1,,140.0,0.0,,,,,1,80.0,120.0,5,1,,142.0,0.0,,,,,1,85.0,127.0,6,1,,145.0,0.0,,,,,1,90.0,135.0,7,1,,148.0,0.0,,,,,1,95.0,143.0,8,1,,150.0,0.0,,,,,1,100.0,150.0,9,1,,150.0,0.0,3,1,1,"No specific feedback, but the game was an interesting exploration of trust and decision-making in economic exchanges.",1,100.0,150.0,10,,,,,,,,,,,,,,,,,,,,,,,,,,,,,,,,,,,,,,,,,,,,,,,,,,,,,,,,,,,,,,,,,,,,,,,,,,,,,,,,,,,,,,,,,,,,,,,,,,,,,,,,,,,,,,,,,,,,,,,,
2,taypnwqt,,0,80,80,trust,Thanks,2024-04-30 01:14:28.924071,1,,,1208.0,1208.0,,,,,,,t16iq4lt,,,,,0,0.0,trust,1.0,2,,75.0,0.0,,,,,1,50.0,75.0,1,2,,90.0,0.0,,,,,1,60.0,90.0,2,2,,105.0,0.0,,,,,1,70.0,105.0,3,2,,113.0,0.0,,,,,1,75.0,112.0,4,2,,120.0,0.0,,,,,1,80.0,120.0,5,2,,128.0,0.0,,,,,1,85.0,127.0,6,2,,135.0,0.0,,,,,1,90.0,135.0,7,2,,142.0,0.0,,,,,1,95.0,143.0,8,2,,150.0,0.0,,,,,1,100.0,150.0,9,2,,150.0,0.0,3,2,2,The experiment provided insightful observations on cooperative dynamics and the impacts of strategies on shared outcomes. Suggesting more variability in point amounts or multipliers could test the robustness of cooperative strategies.,1,100.0,150.0,10,,,,,,,,,,,,,,,,,,,,,,,,,,,,,,,,,,,,,,,,,,,,,,,,,,,,,,,,,,,,,,,,,,,,,,,,,,,,,,,,,,,,,,,,,,,,,,,,,,,,,,,,,,,,,,,,,,,,,,,,
3,l88aqikc,,0,80,80,trust,Thanks,2024-04-30 01:14:29.145412,1,,,1474.0,1474.0,,,,,,,t16iq4lt,,,,,0,0.0,trust,1.0,1,,125.0,0.0,,,,,2,50.0,75.0,1,1,,125.0,0.0,,,,,2,50.0,75.0,2,1,,130.0,0.0,,,,,2,60.0,90.0,3,1,,140.0,0.0,,,,,2,60.0,100.0,4,1,,140.0,0.0,,,,,2,65.0,105.0,5,1,,150.0,0.0,,,,,2,70.0,120.0,6,1,,160.0,0.0,,,,,2,75.0,135.0,7,1,,164.0,0.0,,,,,2,80.0,144.0,8,1,,168.0,0.0,,,,,2,85.0,153.0,9,1,,172.0,0.0,3,1,1,The experiment was engaging and provided insight into reciprocity and cooperation in economic decision-making. It would be interesting to see how different multipliers affect strategies and outcomes.,2,90.0,162.0,10,,,,,,,,,,,,,,,,,,,,,,,,,,,,,,,,,,,,,,,,,,,,,,,,,,,,,,,,,,,,,,,,,,,,,,,,,,,,,,,,,,,,,,,,,,,,,,,,,,,,,,,,,,,,,,,,,,,,,,,,
4,4dl7mcbz,,0,80,80,trust,Thanks,2024-04-30 01:14:31.307622,1,,,896.0,896.0,,,,,,,t16iq4lt,,,,,0,0.0,trust,1.0,2,,75.0,0.0,,,,,2,50.0,75.0,1,2,,75.0,0.0,,,,,2,50.0,75.0,2,2,,90.0,0.0,,,,,2,60.0,90.0,3,2,,80.0,0.0,,,,,2,60.0,100.0,4,2,,90.0,0.0,,,,,2,65.0,105.0,5,2,,90.0,0.0,,,,,2,70.0,120.0,6,2,,90.0,0.0,,,,,2,75.0,135.0,7,2,,96.0,0.0,,,,,2,80.0,144.0,8,2,,102.0,0.0,,,,,2,85.0,153.0,9,2,,108.0,0.0,3,2,1,"No specific feedback, but found the experiment insightful regarding cooperative behaviors in decision-making contexts.",2,90.0,162.0,10,,,,,,,,,,,,,,,,,,,,,,,,,,,,,,,,,,,,,,,,,,,,,,,,,,,,,,,,,,,,,,,,,,,,,,,,,,,,,,,,,,,,,,,,,,,,,,,,,,,,,,,,,,,,,,,,,,,,,,,,
5,x4miltyu,,0,80,80,trust,Thanks,2024-04-30 01:14:29.417364,1,,,1425.0,1425.0,,,,,,,t16iq4lt,,,,,0,0.0,trust,1.0,1,,125.0,0.0,,,,,3,50.0,75.0,1,1,,130.0,0.0,,,,,3,60.0,90.0,2,1,,135.0,0.0,,,,,3,70.0,105.0,3,1,,140.0,0.0,,,,,3,80.0,120.0,4,1,,145.0,0.0,,,,,3,90.0,135.0,5,1,,150.0,0.0,,,,,3,100.0,150.0,6,1,,150.0,0.0,,,,,3,100.0,150.0,7,1,,150.0,0.0,,,,,3,100.0,150.0,8,1,,150.0,0.0,,,,,3,100.0,150.0,9,1,,150.0,0.0,3,1,1,The game was engaging and provided interesting insights into decision-making and reciprocity in economic games. It was well-structured and offered a clear understanding of how mutual benefits can be maximized through cooperation.,3,100.0,150.0,10,,,,,,,,,,,,,,,,,,,,,,,,,,,,,,,,,,,,,,,,,,,,,,,,,,,,,,,,,,,,,,,,,,,,,,,,,,,,,,,,,,,,,,,,,,,,,,,,,,,,,,,,,,,,,,,,,,,,,,,,
6,bs4ugpxf,,0,80,80,trust,Thanks,2024-04-30 01:14:28.766253,1,,,1275.0,1275.0,,,,,,,t16iq4lt,,,,,0,0.0,trust,1.0,2,,75.0,0.0,,,,,3,50.0,75.0,1,2,,90.0,0.0,,,,,3,60.0,90.0,2,2,,105.0,0.0,,,,,3,70.0,105.0,3,2,,120.0,0.0,,,,,3,80.0,120.0,4,2,,135.0,0.0,,,,,3,90.0,135.0,5,2,,150.0,0.0,,,,,3,100.0,150.0,6,2,,150.0,0.0,,,,,3,100.0,150.0,7,2,,150.0,0.0,,,,,3,100.0,150.0,8,2,,150.0,0.0,,,,,3,100.0,150.0,9,2,,150.0,0.0,3,2,2,"The experiment was insightful, highlighting the dynamics of fairness and decision-making in a controlled exchange. Suggestions for improvement could include a diversification of strategies by introducing varying multipliers or different roles halfway through the experiment to observe if and how strategies adapt.",3,100.0,150.0,10,,,,,,,,,,,,,,,,,,,,,,,,,,,,,,,,,,,,,,,,,,,,,,,,,,,,,,,,,,,,,,,,,,,,,,,,,,,,,,,,,,,,,,,,,,,,,,,,,,,,,,,,,,,,,,,,,,,,,,,,
7,7iku5xq4,,0,80,80,trust,Thanks,2024-04-30 01:14:28.612481,1,,,1414.0,1414.0,,,,,,,t16iq4lt,,,,,0,0.0,trust,1.0,1,,125.0,0.0,,,,,4,50.0,75.0,1,1,,130.0,0.0,,,,,4,60.0,90.0,2,1,,135.0,0.0,,,,,4,70.0,105.0,3,1,,140.0,0.0,,,,,4,80.0,120.0,4,1,,142.0,0.0,,,,,4,85.0,127.0,5,1,,145.0,0.0,,,,,4,90.0,135.0,6,1,,147.0,0.0,,,,,4,95.0,142.0,7,1,,150.0,0.0,,,,,4,100.0,150.0,8,1,,150.0,0.0,,,,,4,100.0,150.0,9,1,,150.0,0.0,3,1,1,The game provides interesting insights into how incentives and trust can be structured within a game theoretic scenario. It might be beneficial to explore variations of the multiplier effect or different strategies from both players.,4,100.0,150.0,10,,,,,,,,,,,,,,,,,,,,,,,,,,,,,,,,,,,,,,,,,,,,,,,,,,,,,,,,,,,,,,,,,,,,,,,,,,,,,,,,,,,,,,,,,,,,,,,,,,,,,,,,,,,,,,,,,,,,,,,,
8,6uolsbvs,,0,80,80,trust,Thanks,2024-04-30 01:14:29.430288,1,,,1246.0,1246.0,,,,,,,t16iq4lt,,,,,0,0.0,trust,1.0,2,,75.0,0.0,,,,,4,50.0,75.0,1,2,,90.0,0.0,,,,,4,60.0,90.0,2,2,,105.0,0.0,,,,,4,70.0,105.0,3,2,,120.0,0.0,,,,,4,80.0,120.0,4,2,,128.0,0.0,,,,,4,85.0,127.0,5,2,,135.0,0.0,,,,,4,90.0,135.0,6,2,,143.0,0.0,,,,,4,95.0,142.0,7,2,,150.0,0.0,,,,,4,100.0,150.0,8,2,,150.0,0.0,,,,,4,100.0,150.0,9,2,,150.0,0.0,3,2,1,"The experiment was insightful, especially on how strategies evolve in a game setting towards equitable outcomes.",4,100.0,150.0,10,,,,,,,,,,,,,,,,,,,,,,,,,,,,,,,,,,,,,,,,,,,,,,,,,,,,,,,,,,,,,,,,,,,,,,,,,,,,,,,,,,,,,,,,,,,,,,,,,,,,,,,,,,,,,,,,,,,,,,,,
9,nwllkkx3,,0,80,80,trust,Thanks,2024-04-30 01:14:28.717002,1,,,1250.0,1250.0,,,,,,,t16iq4lt,,,,,0,0.0,trust,1.0,1,,125.0,0.0,,,,,5,50.0,75.0,1,1,,125.0,0.0,,,,,5,50.0,75.0,2,1,,125.0,0.0,,,,,5,50.0,75.0,3,1,,125.0,0.0,,,,,5,50.0,75.0,4,1,,125.0,0.0,,,,,5,50.0,75.0,5,1,,125.0,0.0,,,,,5,50.0,75.0,6,1,,125.0,0.0,,,,,5,50.0,75.0,7,1,,125.0,0.0,,,,,5,50.0,75.0,8,1,,125.0,0.0,,,,,5,50.0,75.0,9,1,,125.0,0.0,3,1,2,The experiment provides interesting insights into decision-making and reciprocity. Further exploration into how different multipliers affect strategy and cooperation could be beneficial.,5,50.0,75.0,10,,,,,,,,,,,,,,,,,,,,,,,,,,,,,,,,,,,,,,,,,,,,,,,,,,,,,,,,,,,,,,,,,,,,,,,,,,,,,,,,,,,,,,,,,,,,,,,,,,,,,,,,,,,,,,,,,,,,,,,,
10,4fbgeb7g,,0,80,80,trust,Thanks,2024-04-30 01:14:29.720893,1,,,750.0,750.0,,,,,,,t16iq4lt,,,,,0,0.0,trust,1.0,2,,75.0,0.0,,,,,5,50.0,75.0,1,2,,75.0,0.0,,,,,5,50.0,75.0,2,2,,75.0,0.0,,,,,5,50.0,75.0,3,2,,75.0,0.0,,,,,5,50.0,75.0,4,2,,75.0,0.0,,,,,5,50.0,75.0,5,2,,75.0,0.0,,,,,5,50.0,75.0,6,2,,75.0,0.0,,,,,5,50.0,75.0,7,2,,75.0,0.0,,,,,5,50.0,75.0,8,2,,75.0,0.0,,,,,5,50.0,75.0,9,2,,75.0,0.0,3,2,1,The experiment was engaging and provided insights into decision-making processes in economic games. It would be interesting to see if the outcomes would significantly change with variations in the multiplier effect or the introduction of communication between the participants.,5,50.0,75.0,10,,,,,,,,,,,,,,,,,,,,,,,,,,,,,,,,,,,,,,,,,,,,,,,,,,,,,,,,,,,,,,,,,,,,,,,,,,,,,,,,,,,,,,,,,,,,,,,,,,,,,,,,,,,,,,,,,,,,,,,,
1,3fx1ty5v,,0,80,80,ftrust,Thanks,2024-04-30 01:24:17.768966,1,,,1250.0,1250.0,,,,,,,jj0fo275,,,,,0,0.0,ftrust,1.0,,,,,,,,,,,,,,,,,,,,,,,,,,,,,,,,,,,,,,,,,,,,,,,,,,,,,,,,,,,,,,,,,,,,,,,,,,,,,,,,,,,,,,,,,,,,,,,,,,,,,,,,,,,,,,,,,,,,,,,,,1,,125.0,0.0,,,,,1,50.0,75.0,1,1,,125.0,0.0,,,,,1,50.0,75.0,2,1,,125.0,0.0,,,,,1,50.0,75.0,3,1,,125.0,0.0,,,,,1,50.0,75.0,4,1,,125.0,0.0,,,,,1,50.0,75.0,5,1,,125.0,0.0,,,,,1,50.0,75.0,6,1,,125.0,0.0,,,,,1,50.0,75.0,7,1,,125.0,0.0,,,,,1,50.0,75.0,8,1,,125.0,0.0,,,,,1,50.0,75.0,9,1,,125.0,0.0,3,1,1,The game was engaging and provided insights into investment strategies. It might be helpful to have more background on how the multipliers are determined for future studies.,1,50.0,75.0,10
2,jtr6d6k5,,0,80,80,ftrust,Thanks,2024-04-30 01:24:15.413274,1,,,750.0,750.0,,,,,,,jj0fo275,,,,,0,0.0,ftrust,1.0,,,,,,,,,,,,,,,,,,,,,,,,,,,,,,,,,,,,,,,,,,,,,,,,,,,,,,,,,,,,,,,,,,,,,,,,,,,,,,,,,,,,,,,,,,,,,,,,,,,,,,,,,,,,,,,,,,,,,,,,,2,,75.0,0.0,,,,,1,50.0,75.0,1,2,,75.0,0.0,,,,,1,50.0,75.0,2,2,,75.0,0.0,,,,,1,50.0,75.0,3,2,,75.0,0.0,,,,,1,50.0,75.0,4,2,,75.0,0.0,,,,,1,50.0,75.0,5,2,,75.0,0.0,,,,,1,50.0,75.0,6,2,,75.0,0.0,,,,,1,50.0,75.0,7,2,,75.0,0.0,,,,,1,50.0,75.0,8,2,,75.0,0.0,,,,,1,50.0,75.0,9,2,,75.0,0.0,3,2,2,"No specific feedback, but the experiment was engaging and provided interesting insights into decision-making strategies and profit-sharing.",1,50.0,75.0,10
3,0ki2pdwx,,0,80,80,ftrust,Thanks,2024-04-30 01:24:16.127316,1,,,1434.0,1434.0,,,,,,,jj0fo275,,,,,0,0.0,ftrust,1.0,,,,,,,,,,,,,,,,,,,,,,,,,,,,,,,,,,,,,,,,,,,,,,,,,,,,,,,,,,,,,,,,,,,,,,,,,,,,,,,,,,,,,,,,,,,,,,,,,,,,,,,,,,,,,,,,,,,,,,,,,1,,125.0,0.0,,,,,2,50.0,75.0,1,1,,135.0,0.0,,,,,2,70.0,105.0,2,1,,140.0,0.0,,,,,2,80.0,120.0,3,1,,142.0,0.0,,,,,2,85.0,127.0,4,1,,145.0,0.0,,,,,2,90.0,135.0,5,1,,147.0,0.0,,,,,2,95.0,142.0,6,1,,150.0,0.0,,,,,2,100.0,150.0,7,1,,150.0,0.0,,,,,2,100.0,150.0,8,1,,150.0,0.0,,,,,2,100.0,150.0,9,1,,150.0,0.0,3,1,1,The experiment provided interesting insights into the dynamic between investors and managers. It was fascinating to see how decisions in each round influenced the final outcome. Would be interested in seeing if altering the multiplier or initial points affects the strategy.,2,100.0,150.0,10
4,w32s8a84,,0,80,80,ftrust,Thanks,2024-04-30 01:24:15.685341,1,,,1306.0,1306.0,,,,,,,jj0fo275,,,,,0,0.0,ftrust,1.0,,,,,,,,,,,,,,,,,,,,,,,,,,,,,,,,,,,,,,,,,,,,,,,,,,,,,,,,,,,,,,,,,,,,,,,,,,,,,,,,,,,,,,,,,,,,,,,,,,,,,,,,,,,,,,,,,,,,,,,,,2,,75.0,0.0,,,,,2,50.0,75.0,1,2,,105.0,0.0,,,,,2,70.0,105.0,2,2,,120.0,0.0,,,,,2,80.0,120.0,3,2,,128.0,0.0,,,,,2,85.0,127.0,4,2,,135.0,0.0,,,,,2,90.0,135.0,5,2,,143.0,0.0,,,,,2,95.0,142.0,6,2,,150.0,0.0,,,,,2,100.0,150.0,7,2,,150.0,0.0,,,,,2,100.0,150.0,8,2,,150.0,0.0,,,,,2,100.0,150.0,9,2,,150.0,0.0,3,2,2,The experiment provided insightful perspectives on cooperation and strategic decision-making between investors and managers.,2,100.0,150.0,10
5,cwhit96w,,0,80,80,ftrust,Thanks,2024-04-30 01:24:15.773739,1,,,1412.0,1412.0,,,,,,,jj0fo275,,,,,0,0.0,ftrust,1.0,,,,,,,,,,,,,,,,,,,,,,,,,,,,,,,,,,,,,,,,,,,,,,,,,,,,,,,,,,,,,,,,,,,,,,,,,,,,,,,,,,,,,,,,,,,,,,,,,,,,,,,,,,,,,,,,,,,,,,,,,1,,125.0,0.0,,,,,3,50.0,75.0,1,1,,130.0,0.0,,,,,3,60.0,90.0,2,1,,135.0,0.0,,,,,3,70.0,105.0,3,1,,140.0,0.0,,,,,3,80.0,120.0,4,1,,142.0,0.0,,,,,3,85.0,127.0,5,1,,145.0,0.0,,,,,3,90.0,135.0,6,1,,148.0,0.0,,,,,3,95.0,143.0,7,1,,149.0,0.0,,,,,3,98.0,147.0,8,1,,148.0,0.0,,,,,3,95.0,143.0,9,1,,150.0,0.0,3,1,1,"The experiment provided insightful illustrations on the dynamics between investors and managers, especially the impact of investment strategies on returns. However, more clarity on the multiplier's role and its calculation method could enhance understanding and strategy formulation.",3,100.0,150.0,10
6,pkfq98vc,,0,80,80,ftrust,Thanks,2024-04-30 01:24:16.118062,1,,,1234.0,1234.0,,,,,,,jj0fo275,,,,,0,0.0,ftrust,1.0,,,,,,,,,,,,,,,,,,,,,,,,,,,,,,,,,,,,,,,,,,,,,,,,,,,,,,,,,,,,,,,,,,,,,,,,,,,,,,,,,,,,,,,,,,,,,,,,,,,,,,,,,,,,,,,,,,,,,,,,,2,,75.0,0.0,,,,,3,50.0,75.0,1,2,,90.0,0.0,,,,,3,60.0,90.0,2,2,,105.0,0.0,,,,,3,70.0,105.0,3,2,,120.0,0.0,,,,,3,80.0,120.0,4,2,,128.0,0.0,,,,,3,85.0,127.0,5,2,,135.0,0.0,,,,,3,90.0,135.0,6,2,,142.0,0.0,,,,,3,95.0,143.0,7,2,,147.0,0.0,,,,,3,98.0,147.0,8,2,,142.0,0.0,,,,,3,95.0,143.0,9,2,,150.0,0.0,3,2,2,"The experiment was informative on the dynamics between investors and managers, and how dividends and investments can be managed to optimize outcomes for both parties.",3,100.0,150.0,10
7,uvtf6cd3,,0,80,80,ftrust,Thanks,2024-04-30 01:24:17.412637,1,,,1411.0,1411.0,,,,,,,jj0fo275,,,,,0,0.0,ftrust,1.0,,,,,,,,,,,,,,,,,,,,,,,,,,,,,,,,,,,,,,,,,,,,,,,,,,,,,,,,,,,,,,,,,,,,,,,,,,,,,,,,,,,,,,,,,,,,,,,,,,,,,,,,,,,,,,,,,,,,,,,,,1,,125.0,0.0,,,,,4,50.0,75.0,1,1,,130.0,0.0,,,,,4,60.0,90.0,2,1,,135.0,0.0,,,,,4,70.0,105.0,3,1,,140.0,0.0,,,,,4,80.0,120.0,4,1,,142.0,0.0,,,,,4,85.0,127.0,5,1,,145.0,0.0,,,,,4,90.0,135.0,6,1,,148.0,0.0,,,,,4,95.0,143.0,7,1,,148.0,0.0,,,,,4,96.0,144.0,8,1,,149.0,0.0,,,,,4,97.0,146.0,9,1,,149.0,0.0,3,1,1,The experiment was insightful regarding investment strategies and the impact of incremental increases in investment. It would be interesting to see how different strategies pan out with varied multipliers or investment approaches.,4,98.0,147.0,10
8,yn0yr5ik,,0,80,80,ftrust,Thanks,2024-04-30 01:24:16.301140,1,,,1231.0,1231.0,,,,,,,jj0fo275,,,,,0,0.0,ftrust,1.0,,,,,,,,,,,,,,,,,,,,,,,,,,,,,,,,,,,,,,,,,,,,,,,,,,,,,,,,,,,,,,,,,,,,,,,,,,,,,,,,,,,,,,,,,,,,,,,,,,,,,,,,,,,,,,,,,,,,,,,,,2,,75.0,0.0,,,,,4,50.0,75.0,1,2,,90.0,0.0,,,,,4,60.0,90.0,2,2,,105.0,0.0,,,,,4,70.0,105.0,3,2,,120.0,0.0,,,,,4,80.0,120.0,4,2,,128.0,0.0,,,,,4,85.0,127.0,5,2,,135.0,0.0,,,,,4,90.0,135.0,6,2,,142.0,0.0,,,,,4,95.0,143.0,7,2,,144.0,0.0,,,,,4,96.0,144.0,8,2,,145.0,0.0,,,,,4,97.0,146.0,9,2,,147.0,0.0,3,2,1,The experiment provided insightful perspectives on the dynamics of investment decisions and the balance of trust and strategy between investors and managers. An interesting aspect to explore further could be how different levels of multipliers affect decision-making strategies.,4,98.0,147.0,10
9,7ev6wngd,,0,80,80,ftrust,Thanks,2024-04-30 01:24:16.044574,1,,,1401.0,1401.0,,,,,,,jj0fo275,,,,,0,0.0,ftrust,1.0,,,,,,,,,,,,,,,,,,,,,,,,,,,,,,,,,,,,,,,,,,,,,,,,,,,,,,,,,,,,,,,,,,,,,,,,,,,,,,,,,,,,,,,,,,,,,,,,,,,,,,,,,,,,,,,,,,,,,,,,,1,,125.0,0.0,,,,,5,50.0,75.0,1,1,,130.0,0.0,,,,,5,60.0,90.0,2,1,,135.0,0.0,,,,,5,70.0,105.0,3,1,,137.0,0.0,,,,,5,75.0,112.0,4,1,,140.0,0.0,,,,,5,80.0,120.0,5,1,,142.0,0.0,,,,,5,85.0,127.0,6,1,,145.0,0.0,,,,,5,90.0,135.0,7,1,,147.0,0.0,,,,,5,95.0,142.0,8,1,,150.0,0.0,,,,,5,100.0,150.0,9,1,,150.0,0.0,3,1,1,"The experiment was insightful, showing how returns on investments can significantly impact both investors' and managers' wealth. It also highlighted the importance of trust and decision-making between the two roles. A suggestion for future experiments could be to explore different multipliers or investment options.",5,100.0,150.0,10
10,fglyss8a,,0,80,80,ftrust,Thanks,2024-04-30 01:24:16.315367,1,,,1209.0,1209.0,,,,,,,jj0fo275,,,,,0,0.0,ftrust,1.0,,,,,,,,,,,,,,,,,,,,,,,,,,,,,,,,,,,,,,,,,,,,,,,,,,,,,,,,,,,,,,,,,,,,,,,,,,,,,,,,,,,,,,,,,,,,,,,,,,,,,,,,,,,,,,,,,,,,,,,,,2,,75.0,0.0,,,,,5,50.0,75.0,1,2,,90.0,0.0,,,,,5,60.0,90.0,2,2,,105.0,0.0,,,,,5,70.0,105.0,3,2,,113.0,0.0,,,,,5,75.0,112.0,4,2,,120.0,0.0,,,,,5,80.0,120.0,5,2,,128.0,0.0,,,,,5,85.0,127.0,6,2,,135.0,0.0,,,,,5,90.0,135.0,7,2,,143.0,0.0,,,,,5,95.0,142.0,8,2,,150.0,0.0,,,,,5,100.0,150.0,9,2,,150.0,0.0,3,2,2,"The experiment provided insights into decision-making strategies in an investment context; however, more rounds might allow for deeper analysis of behavior changes over time.",5,100.0,150.0,10
1,js4bgtu7,,0,80,80,trust,Thanks,2024-04-30 01:33:27.934294,1,,,1416.0,1416.0,,,,,,,ejnanobc,,,,,0,0.0,trust,1.0,1,,125.0,0.0,,,,,1,50.0,75.0,1,1,,130.0,0.0,,,,,1,60.0,90.0,2,1,,135.0,0.0,,,,,1,70.0,105.0,3,1,,140.0,0.0,,,,,1,80.0,120.0,4,1,,143.0,0.0,,,,,1,85.0,128.0,5,1,,145.0,0.0,,,,,1,90.0,135.0,6,1,,148.0,0.0,,,,,1,95.0,143.0,7,1,,150.0,0.0,,,,,1,100.0,150.0,8,1,,150.0,0.0,,,,,1,100.0,150.0,9,1,,150.0,0.0,3,1,1,The experiment was insightful in understanding decision-making and the dynamics of reciprocity in economic games. Would be interested in seeing how variations in the multiplier affect strategies.,1,100.0,150.0,10,,,,,,,,,,,,,,,,,,,,,,,,,,,,,,,,,,,,,,,,,,,,,,,,,,,,,,,,,,,,,,,,,,,,,,,,,,,,,,,,,,,,,,,,,,,,,,,,,,,,,,,,,,,,,,,,,,,,,,,,
2,zx5k4t9w,,0,80,80,trust,Thanks,2024-04-30 01:33:27.263077,1,,,1244.0,1244.0,,,,,,,ejnanobc,,,,,0,0.0,trust,1.0,2,,75.0,0.0,,,,,1,50.0,75.0,1,2,,90.0,0.0,,,,,1,60.0,90.0,2,2,,105.0,0.0,,,,,1,70.0,105.0,3,2,,120.0,0.0,,,,,1,80.0,120.0,4,2,,127.0,0.0,,,,,1,85.0,128.0,5,2,,135.0,0.0,,,,,1,90.0,135.0,6,2,,142.0,0.0,,,,,1,95.0,143.0,7,2,,150.0,0.0,,,,,1,100.0,150.0,8,2,,150.0,0.0,,,,,1,100.0,150.0,9,2,,150.0,0.0,3,1,2,The experiment effectively showcases the dynamics of cooperative behavior and how incentives like the multiplier affect participants' decisions in a controlled setting.,1,100.0,150.0,10,,,,,,,,,,,,,,,,,,,,,,,,,,,,,,,,,,,,,,,,,,,,,,,,,,,,,,,,,,,,,,,,,,,,,,,,,,,,,,,,,,,,,,,,,,,,,,,,,,,,,,,,,,,,,,,,,,,,,,,,
3,rsk4tlpm,,0,80,80,trust,Thanks,2024-04-30 01:33:27.155332,1,,,1000.0,1000.0,,,,,,,ejnanobc,,,,,0,0.0,trust,1.0,1,,100.0,0.0,,,,,2,50.0,50.0,1,1,,100.0,0.0,,,,,2,60.0,60.0,2,1,,100.0,0.0,,,,,2,70.0,70.0,3,1,,100.0,0.0,,,,,2,75.0,75.0,4,1,,100.0,0.0,,,,,2,80.0,80.0,5,1,,100.0,0.0,,,,,2,85.0,85.0,6,1,,100.0,0.0,,,,,2,90.0,90.0,7,1,,100.0,0.0,,,,,2,95.0,95.0,8,1,,100.0,0.0,,,,,2,100.0,100.0,9,1,,100.0,0.0,3,1,2,,2,100.0,100.0,10,,,,,,,,,,,,,,,,,,,,,,,,,,,,,,,,,,,,,,,,,,,,,,,,,,,,,,,,,,,,,,,,,,,,,,,,,,,,,,,,,,,,,,,,,,,,,,,,,,,,,,,,,,,,,,,,,,,,,,,,
4,ussc2fmm,,0,80,80,trust,Thanks,2024-04-30 01:33:27.390993,1,,,1610.0,1610.0,,,,,,,ejnanobc,,,,,0,0.0,trust,1.0,2,,100.0,0.0,,,,,2,50.0,50.0,1,2,,120.0,0.0,,,,,2,60.0,60.0,2,2,,140.0,0.0,,,,,2,70.0,70.0,3,2,,150.0,0.0,,,,,2,75.0,75.0,4,2,,160.0,0.0,,,,,2,80.0,80.0,5,2,,170.0,0.0,,,,,2,85.0,85.0,6,2,,180.0,0.0,,,,,2,90.0,90.0,7,2,,190.0,0.0,,,,,2,95.0,95.0,8,2,,200.0,0.0,,,,,2,100.0,100.0,9,2,,200.0,0.0,3,2,1,"The experiment was insightful in understanding how the allocation and decision-making process could be affected by the multiplier effect, and how patterns of equitable sharing emerged over the rounds.",2,100.0,100.0,10,,,,,,,,,,,,,,,,,,,,,,,,,,,,,,,,,,,,,,,,,,,,,,,,,,,,,,,,,,,,,,,,,,,,,,,,,,,,,,,,,,,,,,,,,,,,,,,,,,,,,,,,,,,,,,,,,,,,,,,,
5,xdi1ljx5,,0,80,80,trust,Thanks,2024-04-30 01:33:27.754679,1,,,1414.0,1414.0,,,,,,,ejnanobc,,,,,0,0.0,trust,1.0,1,,125.0,0.0,,,,,3,50.0,75.0,1,1,,130.0,0.0,,,,,3,60.0,90.0,2,1,,135.0,0.0,,,,,3,70.0,105.0,3,1,,140.0,0.0,,,,,3,80.0,120.0,4,1,,142.0,0.0,,,,,3,85.0,127.0,5,1,,145.0,0.0,,,,,3,90.0,135.0,6,1,,147.0,0.0,,,,,3,95.0,142.0,7,1,,150.0,0.0,,,,,3,100.0,150.0,8,1,,150.0,0.0,,,,,3,100.0,150.0,9,1,,150.0,0.0,3,1,1,"The experiment provided insightful observations into human behavior in economic games, particularly regarding trust and reciprocity. It would be interesting to see how the outcomes vary with different multipliers or with more rounds.",3,100.0,150.0,10,,,,,,,,,,,,,,,,,,,,,,,,,,,,,,,,,,,,,,,,,,,,,,,,,,,,,,,,,,,,,,,,,,,,,,,,,,,,,,,,,,,,,,,,,,,,,,,,,,,,,,,,,,,,,,,,,,,,,,,,
6,7b427jjq,,0,80,80,trust,Thanks,2024-04-30 01:33:27.476398,1,,,1246.0,1246.0,,,,,,,ejnanobc,,,,,0,0.0,trust,1.0,2,,75.0,0.0,,,,,3,50.0,75.0,1,2,,90.0,0.0,,,,,3,60.0,90.0,2,2,,105.0,0.0,,,,,3,70.0,105.0,3,2,,120.0,0.0,,,,,3,80.0,120.0,4,2,,128.0,0.0,,,,,3,85.0,127.0,5,2,,135.0,0.0,,,,,3,90.0,135.0,6,2,,143.0,0.0,,,,,3,95.0,142.0,7,2,,150.0,0.0,,,,,3,100.0,150.0,8,2,,150.0,0.0,,,,,3,100.0,150.0,9,2,,150.0,0.0,3,2,1,"The experiment was a fascinating exploration of trust, reciprocity, and decision-making in a controlled environment. It would be interesting to see how variations in the multiplier or introduction of communication between participants might influence the outcomes.",3,100.0,150.0,10,,,,,,,,,,,,,,,,,,,,,,,,,,,,,,,,,,,,,,,,,,,,,,,,,,,,,,,,,,,,,,,,,,,,,,,,,,,,,,,,,,,,,,,,,,,,,,,,,,,,,,,,,,,,,,,,,,,,,,,,
7,iwj4w1m8,,0,80,80,trust,Thanks,2024-04-30 01:33:27.558923,1,,,1000.0,1000.0,,,,,,,ejnanobc,,,,,0,0.0,trust,1.0,1,,100.0,0.0,,,,,4,50.0,50.0,1,1,,100.0,0.0,,,,,4,50.0,50.0,2,1,,100.0,0.0,,,,,4,50.0,50.0,3,1,,100.0,0.0,,,,,4,50.0,50.0,4,1,,100.0,0.0,,,,,4,50.0,50.0,5,1,,100.0,0.0,,,,,4,50.0,50.0,6,1,,100.0,0.0,,,,,4,50.0,50.0,7,1,,100.0,0.0,,,,,4,50.0,50.0,8,1,,100.0,0.0,,,,,4,50.0,50.0,9,1,,100.0,0.0,3,1,1,,4,50.0,50.0,10,,,,,,,,,,,,,,,,,,,,,,,,,,,,,,,,,,,,,,,,,,,,,,,,,,,,,,,,,,,,,,,,,,,,,,,,,,,,,,,,,,,,,,,,,,,,,,,,,,,,,,,,,,,,,,,,,,,,,,,,
8,kuyt67d7,,0,80,80,trust,Thanks,2024-04-30 01:33:29.477105,1,,,1000.0,1000.0,,,,,,,ejnanobc,,,,,0,0.0,trust,1.0,2,,100.0,0.0,,,,,4,50.0,50.0,1,2,,100.0,0.0,,,,,4,50.0,50.0,2,2,,100.0,0.0,,,,,4,50.0,50.0,3,2,,100.0,0.0,,,,,4,50.0,50.0,4,2,,100.0,0.0,,,,,4,50.0,50.0,5,2,,100.0,0.0,,,,,4,50.0,50.0,6,2,,100.0,0.0,,,,,4,50.0,50.0,7,2,,100.0,0.0,,,,,4,50.0,50.0,8,2,,100.0,0.0,,,,,4,50.0,50.0,9,2,,100.0,0.0,3,2,1,The experiment was a fascinating exploration of cooperation and fairness in economic decision-making. It would be interesting to see how varying the multiplier affects strategies and outcomes.,4,50.0,50.0,10,,,,,,,,,,,,,,,,,,,,,,,,,,,,,,,,,,,,,,,,,,,,,,,,,,,,,,,,,,,,,,,,,,,,,,,,,,,,,,,,,,,,,,,,,,,,,,,,,,,,,,,,,,,,,,,,,,,,,,,,
9,3pgmngi7,,0,80,80,trust,Thanks,2024-04-30 01:33:27.129862,1,,,1364.0,1364.0,,,,,,,ejnanobc,,,,,0,0.0,trust,1.0,1,,125.0,0.0,,,,,5,50.0,75.0,1,1,,127.0,0.0,,,,,5,55.0,82.0,2,1,,130.0,0.0,,,,,5,60.0,90.0,3,1,,133.0,0.0,,,,,5,65.0,98.0,4,1,,135.0,0.0,,,,,5,70.0,105.0,5,1,,138.0,0.0,,,,,5,75.0,113.0,6,1,,140.0,0.0,,,,,5,80.0,120.0,7,1,,143.0,0.0,,,,,5,85.0,128.0,8,1,,145.0,0.0,,,,,5,90.0,135.0,9,1,,148.0,0.0,3,1,1,The experiment was enlightening in understanding cooperative gains and how strategic decision-making can lead to mutual benefits. It would be interesting to see variations of this game with different multipliers or initial endowments.,5,95.0,143.0,10,,,,,,,,,,,,,,,,,,,,,,,,,,,,,,,,,,,,,,,,,,,,,,,,,,,,,,,,,,,,,,,,,,,,,,,,,,,,,,,,,,,,,,,,,,,,,,,,,,,,,,,,,,,,,,,,,,,,,,,,
10,rse30idd,,0,80,80,trust,Thanks,2024-04-30 01:33:27.610226,1,,,1086.0,1086.0,,,,,,,ejnanobc,,,,,0,0.0,trust,1.0,2,,75.0,0.0,,,,,5,50.0,75.0,1,2,,83.0,0.0,,,,,5,55.0,82.0,2,2,,90.0,0.0,,,,,5,60.0,90.0,3,2,,97.0,0.0,,,,,5,65.0,98.0,4,2,,105.0,0.0,,,,,5,70.0,105.0,5,2,,112.0,0.0,,,,,5,75.0,113.0,6,2,,120.0,0.0,,,,,5,80.0,120.0,7,2,,127.0,0.0,,,,,5,85.0,128.0,8,2,,135.0,0.0,,,,,5,90.0,135.0,9,2,,142.0,0.0,3,2,1,The experiment was engaging and provided insights into cooperative behavior and the dynamics of trust building in a controlled environment. It would be interesting to see how changing the multiplier effect or roles could influence the outcomes and strategies adopted by participants.,5,95.0,143.0,10,,,,,,,,,,,,,,,,,,,,,,,,,,,,,,,,,,,,,,,,,,,,,,,,,,,,,,,,,,,,,,,,,,,,,,,,,,,,,,,,,,,,,,,,,,,,,,,,,,,,,,,,,,,,,,,,,,,,,,,,
1,sctthrj1,,0,80,80,ftrust,Thanks,2024-04-30 01:43:44.488321,1,,,1427.0,1427.0,,,,,,,eopux9fy,,,,,0,0.0,ftrust,1.0,,,,,,,,,,,,,,,,,,,,,,,,,,,,,,,,,,,,,,,,,,,,,,,,,,,,,,,,,,,,,,,,,,,,,,,,,,,,,,,,,,,,,,,,,,,,,,,,,,,,,,,,,,,,,,,,,,,,,,,,,1,,125.0,0.0,,,,,1,50.0,75.0,1,1,,130.0,0.0,,,,,1,60.0,90.0,2,1,,135.0,0.0,,,,,1,70.0,105.0,3,1,,140.0,0.0,,,,,1,80.0,120.0,4,1,,145.0,0.0,,,,,1,90.0,135.0,5,1,,148.0,0.0,,,,,1,95.0,143.0,6,1,,151.0,0.0,,,,,1,100.0,151.0,7,1,,151.0,0.0,,,,,1,100.0,151.0,8,1,,151.0,0.0,,,,,1,100.0,151.0,9,1,,151.0,0.0,3,1,1,The experiment was enlightening in terms of understanding investment strategies and their outcomes. It would be interesting to see how different strategies impact the results over a longer term or in varied market conditions.,1,100.0,151.0,10
2,w819fcst,,0,80,80,ftrust,Thanks,2024-04-30 01:43:46.605271,1,,,1263.0,1263.0,,,,,,,eopux9fy,,,,,0,0.0,ftrust,1.0,,,,,,,,,,,,,,,,,,,,,,,,,,,,,,,,,,,,,,,,,,,,,,,,,,,,,,,,,,,,,,,,,,,,,,,,,,,,,,,,,,,,,,,,,,,,,,,,,,,,,,,,,,,,,,,,,,,,,,,,,2,,75.0,0.0,,,,,1,50.0,75.0,1,2,,90.0,0.0,,,,,1,60.0,90.0,2,2,,105.0,0.0,,,,,1,70.0,105.0,3,2,,120.0,0.0,,,,,1,80.0,120.0,4,2,,135.0,0.0,,,,,1,90.0,135.0,5,2,,142.0,0.0,,,,,1,95.0,143.0,6,2,,149.0,0.0,,,,,1,100.0,151.0,7,2,,149.0,0.0,,,,,1,100.0,151.0,8,2,,149.0,0.0,,,,,1,100.0,151.0,9,2,,149.0,0.0,3,2,2,No additional feedback,1,100.0,151.0,10
3,j2v5fooq,,0,80,80,ftrust,Thanks,2024-04-30 01:43:46.654117,1,,,1000.0,1000.0,,,,,,,eopux9fy,,,,,0,0.0,ftrust,1.0,,,,,,,,,,,,,,,,,,,,,,,,,,,,,,,,,,,,,,,,,,,,,,,,,,,,,,,,,,,,,,,,,,,,,,,,,,,,,,,,,,,,,,,,,,,,,,,,,,,,,,,,,,,,,,,,,,,,,,,,,1,,100.0,0.0,,,,,2,50.0,50.0,1,1,,100.0,0.0,,,,,2,50.0,50.0,2,1,,100.0,0.0,,,,,2,50.0,50.0,3,1,,100.0,0.0,,,,,2,50.0,50.0,4,1,,100.0,0.0,,,,,2,50.0,50.0,5,1,,100.0,0.0,,,,,2,50.0,50.0,6,1,,100.0,0.0,,,,,2,50.0,50.0,7,1,,100.0,0.0,,,,,2,50.0,50.0,8,1,,100.0,0.0,,,,,2,50.0,50.0,9,1,,100.0,0.0,3,1,1,The experiment was engaging and provided insights into decision-making and the dynamics of reciprocation. Future experiments could explore varying investment multipliers and their impact on strategy.,2,50.0,50.0,10
4,7d22qfdh,,0,80,80,ftrust,Thanks,2024-04-30 01:43:45.212702,1,,,1000.0,1000.0,,,,,,,eopux9fy,,,,,0,0.0,ftrust,1.0,,,,,,,,,,,,,,,,,,,,,,,,,,,,,,,,,,,,,,,,,,,,,,,,,,,,,,,,,,,,,,,,,,,,,,,,,,,,,,,,,,,,,,,,,,,,,,,,,,,,,,,,,,,,,,,,,,,,,,,,,2,,100.0,0.0,,,,,2,50.0,50.0,1,2,,100.0,0.0,,,,,2,50.0,50.0,2,2,,100.0,0.0,,,,,2,50.0,50.0,3,2,,100.0,0.0,,,,,2,50.0,50.0,4,2,,100.0,0.0,,,,,2,50.0,50.0,5,2,,100.0,0.0,,,,,2,50.0,50.0,6,2,,100.0,0.0,,,,,2,50.0,50.0,7,2,,100.0,0.0,,,,,2,50.0,50.0,8,2,,100.0,0.0,,,,,2,50.0,50.0,9,2,,100.0,0.0,3,2,2,,2,50.0,50.0,10
5,1s5ab5ov,,0,80,80,ftrust,Thanks,2024-04-30 01:43:44.847185,1,,,1412.0,1412.0,,,,,,,eopux9fy,,,,,0,0.0,ftrust,1.0,,,,,,,,,,,,,,,,,,,,,,,,,,,,,,,,,,,,,,,,,,,,,,,,,,,,,,,,,,,,,,,,,,,,,,,,,,,,,,,,,,,,,,,,,,,,,,,,,,,,,,,,,,,,,,,,,,,,,,,,,1,,125.0,0.0,,,,,3,50.0,75.0,1,1,,130.0,0.0,,,,,3,60.0,90.0,2,1,,135.0,0.0,,,,,3,70.0,105.0,3,1,,140.0,0.0,,,,,3,80.0,120.0,4,1,,142.0,0.0,,,,,3,85.0,127.0,5,1,,145.0,0.0,,,,,3,90.0,135.0,6,1,,148.0,0.0,,,,,3,95.0,143.0,7,1,,150.0,0.0,,,,,3,100.0,150.0,8,1,,147.0,0.0,,,,,3,95.0,142.0,9,1,,150.0,0.0,3,1,1,The experiment was engaging and provided clear insights on decision-making dynamics between investors and managers. One suggestion would be to include more rounds for deeper analysis of behavior over time.,3,100.0,150.0,10
6,97yq52c4,,0,80,80,ftrust,Thanks,2024-04-30 01:43:44.879521,1,,,1238.0,1238.0,,,,,,,eopux9fy,,,,,0,0.0,ftrust,1.0,,,,,,,,,,,,,,,,,,,,,,,,,,,,,,,,,,,,,,,,,,,,,,,,,,,,,,,,,,,,,,,,,,,,,,,,,,,,,,,,,,,,,,,,,,,,,,,,,,,,,,,,,,,,,,,,,,,,,,,,,2,,75.0,0.0,,,,,3,50.0,75.0,1,2,,90.0,0.0,,,,,3,60.0,90.0,2,2,,105.0,0.0,,,,,3,70.0,105.0,3,2,,120.0,0.0,,,,,3,80.0,120.0,4,2,,128.0,0.0,,,,,3,85.0,127.0,5,2,,135.0,0.0,,,,,3,90.0,135.0,6,2,,142.0,0.0,,,,,3,95.0,143.0,7,2,,150.0,0.0,,,,,3,100.0,150.0,8,2,,143.0,0.0,,,,,3,95.0,142.0,9,2,,150.0,0.0,3,2,2,No feedback,3,100.0,150.0,10
7,ljtaqhwj,,0,80,80,ftrust,Thanks,2024-04-30 01:43:44.577849,1,,,1410.0,1410.0,,,,,,,eopux9fy,,,,,0,0.0,ftrust,1.0,,,,,,,,,,,,,,,,,,,,,,,,,,,,,,,,,,,,,,,,,,,,,,,,,,,,,,,,,,,,,,,,,,,,,,,,,,,,,,,,,,,,,,,,,,,,,,,,,,,,,,,,,,,,,,,,,,,,,,,,,1,,125.0,0.0,,,,,4,50.0,75.0,1,1,,130.0,0.0,,,,,4,60.0,90.0,2,1,,135.0,0.0,,,,,4,70.0,105.0,3,1,,140.0,0.0,,,,,4,80.0,120.0,4,1,,142.0,0.0,,,,,4,85.0,127.0,5,1,,145.0,0.0,,,,,4,90.0,135.0,6,1,,147.0,0.0,,,,,4,95.0,142.0,7,1,,148.0,0.0,,,,,4,96.0,144.0,8,1,,149.0,0.0,,,,,4,97.0,146.0,9,1,,149.0,0.0,3,1,1,The experiment provided valuable insights into investment strategies and their impact on profits. Having a clearer explanation of the multiplier's role upfront could potentially enhance strategic decision-making.,4,98.0,147.0,10
8,lywgz144,,0,80,80,ftrust,Thanks,2024-04-30 01:43:44.634660,1,,,1232.0,1232.0,,,,,,,eopux9fy,,,,,0,0.0,ftrust,1.0,,,,,,,,,,,,,,,,,,,,,,,,,,,,,,,,,,,,,,,,,,,,,,,,,,,,,,,,,,,,,,,,,,,,,,,,,,,,,,,,,,,,,,,,,,,,,,,,,,,,,,,,,,,,,,,,,,,,,,,,,2,,75.0,0.0,,,,,4,50.0,75.0,1,2,,90.0,0.0,,,,,4,60.0,90.0,2,2,,105.0,0.0,,,,,4,70.0,105.0,3,2,,120.0,0.0,,,,,4,80.0,120.0,4,2,,128.0,0.0,,,,,4,85.0,127.0,5,2,,135.0,0.0,,,,,4,90.0,135.0,6,2,,143.0,0.0,,,,,4,95.0,142.0,7,2,,144.0,0.0,,,,,4,96.0,144.0,8,2,,145.0,0.0,,,,,4,97.0,146.0,9,2,,147.0,0.0,3,2,1,This experiment provided valuable insights into the dynamics of trust and financial decisions between investors and managers. It would be interesting to see how different multiplier levels or investment strategies affect the outcomes.,4,98.0,147.0,10
9,zxrqq0w5,,0,80,80,ftrust,Thanks,2024-04-30 01:43:44.777801,1,,,1250.0,1250.0,,,,,,,eopux9fy,,,,,0,0.0,ftrust,1.0,,,,,,,,,,,,,,,,,,,,,,,,,,,,,,,,,,,,,,,,,,,,,,,,,,,,,,,,,,,,,,,,,,,,,,,,,,,,,,,,,,,,,,,,,,,,,,,,,,,,,,,,,,,,,,,,,,,,,,,,,1,,125.0,0.0,,,,,5,50.0,75.0,1,1,,125.0,0.0,,,,,5,50.0,75.0,2,1,,125.0,0.0,,,,,5,50.0,75.0,3,1,,125.0,0.0,,,,,5,50.0,75.0,4,1,,125.0,0.0,,,,,5,50.0,75.0,5,1,,125.0,0.0,,,,,5,50.0,75.0,6,1,,125.0,0.0,,,,,5,50.0,75.0,7,1,,125.0,0.0,,,,,5,50.0,75.0,8,1,,125.0,0.0,,,,,5,50.0,75.0,9,1,,125.0,0.0,3,1,2,The game provided an interesting perspective on the dynamics between investors and managers. One suggestion could be to introduce more variability in the outcomes based on different investment strategies.,5,50.0,75.0,10
10,fj12cnx9,,0,80,80,ftrust,Thanks,2024-04-30 01:43:44.882244,1,,,750.0,750.0,,,,,,,eopux9fy,,,,,0,0.0,ftrust,1.0,,,,,,,,,,,,,,,,,,,,,,,,,,,,,,,,,,,,,,,,,,,,,,,,,,,,,,,,,,,,,,,,,,,,,,,,,,,,,,,,,,,,,,,,,,,,,,,,,,,,,,,,,,,,,,,,,,,,,,,,,2,,75.0,0.0,,,,,5,50.0,75.0,1,2,,75.0,0.0,,,,,5,50.0,75.0,2,2,,75.0,0.0,,,,,5,50.0,75.0,3,2,,75.0,0.0,,,,,5,50.0,75.0,4,2,,75.0,0.0,,,,,5,50.0,75.0,5,2,,75.0,0.0,,,,,5,50.0,75.0,6,2,,75.0,0.0,,,,,5,50.0,75.0,7,2,,75.0,0.0,,,,,5,50.0,75.0,8,2,,75.0,0.0,,,,,5,50.0,75.0,9,2,,75.0,0.0,3,2,2,The experiment was engaging and offered insights into the dynamics of trust and reciprocity in economic transactions.,5,50.0,75.0,10
1,f91e7muh,,0,80,80,trust,Thanks,2024-04-30 01:52:22.679007,1,,,1000.0,1000.0,,,,,,,v9hb1wl3,,,,,0,0.0,trust,1.0,1,,100.0,0.0,,,,,1,50.0,50.0,1,1,,100.0,0.0,,,,,1,50.0,50.0,2,1,,100.0,0.0,,,,,1,50.0,50.0,3,1,,100.0,0.0,,,,,1,50.0,50.0,4,1,,100.0,0.0,,,,,1,50.0,50.0,5,1,,100.0,0.0,,,,,1,50.0,50.0,6,1,,100.0,0.0,,,,,1,50.0,50.0,7,1,,100.0,0.0,,,,,1,50.0,50.0,8,1,,100.0,0.0,,,,,1,50.0,50.0,9,1,,100.0,0.0,3,1,1,The experiment provides interesting insights into decision-making and reciprocity in economic games.,1,50.0,50.0,10,,,,,,,,,,,,,,,,,,,,,,,,,,,,,,,,,,,,,,,,,,,,,,,,,,,,,,,,,,,,,,,,,,,,,,,,,,,,,,,,,,,,,,,,,,,,,,,,,,,,,,,,,,,,,,,,,,,,,,,,
2,lfhw1b35,,0,80,80,trust,Thanks,2024-04-30 01:52:22.352600,1,,,1000.0,1000.0,,,,,,,v9hb1wl3,,,,,0,0.0,trust,1.0,2,,100.0,0.0,,,,,1,50.0,50.0,1,2,,100.0,0.0,,,,,1,50.0,50.0,2,2,,100.0,0.0,,,,,1,50.0,50.0,3,2,,100.0,0.0,,,,,1,50.0,50.0,4,2,,100.0,0.0,,,,,1,50.0,50.0,5,2,,100.0,0.0,,,,,1,50.0,50.0,6,2,,100.0,0.0,,,,,1,50.0,50.0,7,2,,100.0,0.0,,,,,1,50.0,50.0,8,2,,100.0,0.0,,,,,1,50.0,50.0,9,2,,100.0,0.0,3,2,2,No feedback.,1,50.0,50.0,10,,,,,,,,,,,,,,,,,,,,,,,,,,,,,,,,,,,,,,,,,,,,,,,,,,,,,,,,,,,,,,,,,,,,,,,,,,,,,,,,,,,,,,,,,,,,,,,,,,,,,,,,,,,,,,,,,,,,,,,,
3,lokvmyjx,,0,80,80,trust,Thanks,2024-04-30 01:52:21.928176,1,,,1415.0,1415.0,,,,,,,v9hb1wl3,,,,,0,0.0,trust,1.0,1,,125.0,0.0,,,,,2,50.0,75.0,1,1,,130.0,0.0,,,,,2,60.0,90.0,2,1,,135.0,0.0,,,,,2,70.0,105.0,3,1,,140.0,0.0,,,,,2,80.0,120.0,4,1,,142.0,0.0,,,,,2,85.0,127.0,5,1,,145.0,0.0,,,,,2,90.0,135.0,6,1,,148.0,0.0,,,,,2,95.0,143.0,7,1,,150.0,0.0,,,,,2,100.0,150.0,8,1,,150.0,0.0,,,,,2,100.0,150.0,9,1,,150.0,0.0,3,1,1,The game provides interesting insights into decision-making and trust between participants. Considering strategies for future rounds based on the outcomes of previous rounds was engaging. More variability in responses from participant B might make the experiment even more insightful.,2,100.0,150.0,10,,,,,,,,,,,,,,,,,,,,,,,,,,,,,,,,,,,,,,,,,,,,,,,,,,,,,,,,,,,,,,,,,,,,,,,,,,,,,,,,,,,,,,,,,,,,,,,,,,,,,,,,,,,,,,,,,,,,,,,,
4,c7bfyr62,,0,80,80,trust,Thanks,2024-04-30 01:52:22.525346,1,,,1245.0,1245.0,,,,,,,v9hb1wl3,,,,,0,0.0,trust,1.0,2,,75.0,0.0,,,,,2,50.0,75.0,1,2,,90.0,0.0,,,,,2,60.0,90.0,2,2,,105.0,0.0,,,,,2,70.0,105.0,3,2,,120.0,0.0,,,,,2,80.0,120.0,4,2,,128.0,0.0,,,,,2,85.0,127.0,5,2,,135.0,0.0,,,,,2,90.0,135.0,6,2,,142.0,0.0,,,,,2,95.0,143.0,7,2,,150.0,0.0,,,,,2,100.0,150.0,8,2,,150.0,0.0,,,,,2,100.0,150.0,9,2,,150.0,0.0,3,2,1,The experiment offered interesting insights into decision-making and fairness in cooperative games. It would be interesting to see how varying the multiplier affects strategies.,2,100.0,150.0,10,,,,,,,,,,,,,,,,,,,,,,,,,,,,,,,,,,,,,,,,,,,,,,,,,,,,,,,,,,,,,,,,,,,,,,,,,,,,,,,,,,,,,,,,,,,,,,,,,,,,,,,,,,,,,,,,,,,,,,,,
5,6j3qrzzk,,0,80,80,trust,Thanks,2024-04-30 01:52:21.988749,1,,,1405.0,1405.0,,,,,,,v9hb1wl3,,,,,0,0.0,trust,1.0,1,,125.0,0.0,,,,,3,50.0,75.0,1,1,,130.0,0.0,,,,,3,60.0,90.0,2,1,,135.0,0.0,,,,,3,70.0,105.0,3,1,,140.0,0.0,,,,,3,80.0,120.0,4,1,,142.0,0.0,,,,,3,85.0,127.0,5,1,,145.0,0.0,,,,,3,90.0,135.0,6,1,,147.0,0.0,,,,,3,95.0,142.0,7,1,,147.0,0.0,,,,,3,95.0,142.0,8,1,,147.0,0.0,,,,,3,95.0,142.0,9,1,,147.0,0.0,3,1,1,"The experiment was insightful, showing the importance of trust and reciprocity in economic decision-making.",3,95.0,142.0,10,,,,,,,,,,,,,,,,,,,,,,,,,,,,,,,,,,,,,,,,,,,,,,,,,,,,,,,,,,,,,,,,,,,,,,,,,,,,,,,,,,,,,,,,,,,,,,,,,,,,,,,,,,,,,,,,,,,,,,,,
6,20k6l38h,,0,80,80,trust,Thanks,2024-04-30 01:52:23.964311,1,,,1225.0,1225.0,,,,,,,v9hb1wl3,,,,,0,0.0,trust,1.0,2,,75.0,0.0,,,,,3,50.0,75.0,1,2,,90.0,0.0,,,,,3,60.0,90.0,2,2,,105.0,0.0,,,,,3,70.0,105.0,3,2,,120.0,0.0,,,,,3,80.0,120.0,4,2,,128.0,0.0,,,,,3,85.0,127.0,5,2,,135.0,0.0,,,,,3,90.0,135.0,6,2,,143.0,0.0,,,,,3,95.0,142.0,7,2,,143.0,0.0,,,,,3,95.0,142.0,8,2,,143.0,0.0,,,,,3,95.0,142.0,9,2,,143.0,0.0,3,2,1,The experiment was engaging and provided insight into decision-making and the dynamics of cooperation. It would be interesting to see how different multipliers affect strategies.,3,95.0,142.0,10,,,,,,,,,,,,,,,,,,,,,,,,,,,,,,,,,,,,,,,,,,,,,,,,,,,,,,,,,,,,,,,,,,,,,,,,,,,,,,,,,,,,,,,,,,,,,,,,,,,,,,,,,,,,,,,,,,,,,,,,
7,lh9uqabh,,0,80,80,trust,Thanks,2024-04-30 01:52:21.506804,1,,,1414.0,1414.0,,,,,,,v9hb1wl3,,,,,0,0.0,trust,1.0,1,,125.0,0.0,,,,,4,50.0,75.0,1,1,,130.0,0.0,,,,,4,60.0,90.0,2,1,,135.0,0.0,,,,,4,70.0,105.0,3,1,,140.0,0.0,,,,,4,80.0,120.0,4,1,,142.0,0.0,,,,,4,85.0,127.0,5,1,,145.0,0.0,,,,,4,90.0,135.0,6,1,,147.0,0.0,,,,,4,95.0,142.0,7,1,,150.0,0.0,,,,,4,100.0,150.0,8,1,,150.0,0.0,,,,,4,100.0,150.0,9,1,,150.0,0.0,3,1,1,The experiment was engaging and provided interesting insights into the dynamics of reciprocity and trust in financial exchanges.,4,100.0,150.0,10,,,,,,,,,,,,,,,,,,,,,,,,,,,,,,,,,,,,,,,,,,,,,,,,,,,,,,,,,,,,,,,,,,,,,,,,,,,,,,,,,,,,,,,,,,,,,,,,,,,,,,,,,,,,,,,,,,,,,,,,
8,791oush8,,0,80,80,trust,Thanks,2024-04-30 01:52:21.601373,1,,,1246.0,1246.0,,,,,,,v9hb1wl3,,,,,0,0.0,trust,1.0,2,,75.0,0.0,,,,,4,50.0,75.0,1,2,,90.0,0.0,,,,,4,60.0,90.0,2,2,,105.0,0.0,,,,,4,70.0,105.0,3,2,,120.0,0.0,,,,,4,80.0,120.0,4,2,,128.0,0.0,,,,,4,85.0,127.0,5,2,,135.0,0.0,,,,,4,90.0,135.0,6,2,,143.0,0.0,,,,,4,95.0,142.0,7,2,,150.0,0.0,,,,,4,100.0,150.0,8,2,,150.0,0.0,,,,,4,100.0,150.0,9,2,,150.0,0.0,3,2,1,,4,100.0,150.0,10,,,,,,,,,,,,,,,,,,,,,,,,,,,,,,,,,,,,,,,,,,,,,,,,,,,,,,,,,,,,,,,,,,,,,,,,,,,,,,,,,,,,,,,,,,,,,,,,,,,,,,,,,,,,,,,,,,,,,,,,
9,j86imy29,,0,80,80,trust,Thanks,2024-04-30 01:52:21.582026,1,,,1000.0,1000.0,,,,,,,v9hb1wl3,,,,,0,0.0,trust,1.0,1,,100.0,0.0,,,,,5,50.0,50.0,1,1,,100.0,0.0,,,,,5,40.0,40.0,2,1,,100.0,0.0,,,,,5,30.0,30.0,3,1,,100.0,0.0,,,,,5,25.0,25.0,4,1,,100.0,0.0,,,,,5,20.0,20.0,5,1,,100.0,0.0,,,,,5,15.0,15.0,6,1,,100.0,0.0,,,,,5,20.0,20.0,7,1,,100.0,0.0,,,,,5,25.0,25.0,8,1,,100.0,0.0,,,,,5,30.0,30.0,9,1,,100.0,0.0,3,1,1,The experiment was intriguing. It was interesting to see how reciprocity played out and how strategy evolved over the rounds. A suggestion could be to explain the multiplier effect more clearly before starting.,5,35.0,35.0,10,,,,,,,,,,,,,,,,,,,,,,,,,,,,,,,,,,,,,,,,,,,,,,,,,,,,,,,,,,,,,,,,,,,,,,,,,,,,,,,,,,,,,,,,,,,,,,,,,,,,,,,,,,,,,,,,,,,,,,,,
10,kdmfo5yv,,0,80,80,trust,Thanks,2024-04-30 01:52:21.889785,1,,,580.0,580.0,,,,,,,v9hb1wl3,,,,,0,0.0,trust,1.0,2,,100.0,0.0,,,,,5,50.0,50.0,1,2,,80.0,0.0,,,,,5,40.0,40.0,2,2,,60.0,0.0,,,,,5,30.0,30.0,3,2,,50.0,0.0,,,,,5,25.0,25.0,4,2,,40.0,0.0,,,,,5,20.0,20.0,5,2,,30.0,0.0,,,,,5,15.0,15.0,6,2,,40.0,0.0,,,,,5,20.0,20.0,7,2,,50.0,0.0,,,,,5,25.0,25.0,8,2,,60.0,0.0,,,,,5,30.0,30.0,9,2,,70.0,0.0,3,2,1,"This experiment was intriguing, offering insights into decision-making and the impact of reciprocity in social exchange. I found the concept of a multiplier adding a complex dynamic to the decision-making process. It would be interesting to see further research into how different multiplier sizes affect strategies.",5,35.0,35.0,10,,,,,,,,,,,,,,,,,,,,,,,,,,,,,,,,,,,,,,,,,,,,,,,,,,,,,,,,,,,,,,,,,,,,,,,,,,,,,,,,,,,,,,,,,,,,,,,,,,,,,,,,,,,,,,,,,,,,,,,,
1,p1wondjg,,0,80,80,ftrust,Thanks,2024-04-30 02:04:02.104732,1,,,1425.0,1425.0,,,,,,,rb8a5csa,,,,,0,0.0,ftrust,1.0,,,,,,,,,,,,,,,,,,,,,,,,,,,,,,,,,,,,,,,,,,,,,,,,,,,,,,,,,,,,,,,,,,,,,,,,,,,,,,,,,,,,,,,,,,,,,,,,,,,,,,,,,,,,,,,,,,,,,,,,,1,,125.0,0.0,,,,,1,50.0,75.0,1,1,,130.0,0.0,,,,,1,60.0,90.0,2,1,,135.0,0.0,,,,,1,70.0,105.0,3,1,,140.0,0.0,,,,,1,80.0,120.0,4,1,,145.0,0.0,,,,,1,90.0,135.0,5,1,,150.0,0.0,,,,,1,100.0,150.0,6,1,,150.0,0.0,,,,,1,100.0,150.0,7,1,,150.0,0.0,,,,,1,100.0,150.0,8,1,,150.0,0.0,,,,,1,100.0,150.0,9,1,,150.0,0.0,3,1,1,No specific feedback.,1,100.0,150.0,10
2,g44nl9ox,,0,80,80,ftrust,Thanks,2024-04-30 02:04:01.800920,1,,,1275.0,1275.0,,,,,,,rb8a5csa,,,,,0,0.0,ftrust,1.0,,,,,,,,,,,,,,,,,,,,,,,,,,,,,,,,,,,,,,,,,,,,,,,,,,,,,,,,,,,,,,,,,,,,,,,,,,,,,,,,,,,,,,,,,,,,,,,,,,,,,,,,,,,,,,,,,,,,,,,,,2,,75.0,0.0,,,,,1,50.0,75.0,1,2,,90.0,0.0,,,,,1,60.0,90.0,2,2,,105.0,0.0,,,,,1,70.0,105.0,3,2,,120.0,0.0,,,,,1,80.0,120.0,4,2,,135.0,0.0,,,,,1,90.0,135.0,5,2,,150.0,0.0,,,,,1,100.0,150.0,6,2,,150.0,0.0,,,,,1,100.0,150.0,7,2,,150.0,0.0,,,,,1,100.0,150.0,8,2,,150.0,0.0,,,,,1,100.0,150.0,9,2,,150.0,0.0,3,2,2,No additional feedback,1,100.0,150.0,10
3,mp134bj0,,0,80,80,ftrust,Thanks,2024-04-30 02:04:01.652750,1,,,1425.0,1425.0,,,,,,,rb8a5csa,,,,,0,0.0,ftrust,1.0,,,,,,,,,,,,,,,,,,,,,,,,,,,,,,,,,,,,,,,,,,,,,,,,,,,,,,,,,,,,,,,,,,,,,,,,,,,,,,,,,,,,,,,,,,,,,,,,,,,,,,,,,,,,,,,,,,,,,,,,,1,,125.0,0.0,,,,,2,50.0,75.0,1,1,,130.0,0.0,,,,,2,60.0,90.0,2,1,,135.0,0.0,,,,,2,70.0,105.0,3,1,,140.0,0.0,,,,,2,80.0,120.0,4,1,,145.0,0.0,,,,,2,90.0,135.0,5,1,,150.0,0.0,,,,,2,100.0,150.0,6,1,,150.0,0.0,,,,,2,100.0,150.0,7,1,,150.0,0.0,,,,,2,100.0,150.0,8,1,,150.0,0.0,,,,,2,100.0,150.0,9,1,,150.0,0.0,3,1,1,The experiment was engaging and the strategy of adjusting investments based on previous outcomes proved effective. It might be interesting to introduce more variables or challenges in future to see how they impact decision making.,2,100.0,150.0,10
4,hblmlnf0,,0,80,80,ftrust,Thanks,2024-04-30 02:04:02.107379,1,,,1275.0,1275.0,,,,,,,rb8a5csa,,,,,0,0.0,ftrust,1.0,,,,,,,,,,,,,,,,,,,,,,,,,,,,,,,,,,,,,,,,,,,,,,,,,,,,,,,,,,,,,,,,,,,,,,,,,,,,,,,,,,,,,,,,,,,,,,,,,,,,,,,,,,,,,,,,,,,,,,,,,2,,75.0,0.0,,,,,2,50.0,75.0,1,2,,90.0,0.0,,,,,2,60.0,90.0,2,2,,105.0,0.0,,,,,2,70.0,105.0,3,2,,120.0,0.0,,,,,2,80.0,120.0,4,2,,135.0,0.0,,,,,2,90.0,135.0,5,2,,150.0,0.0,,,,,2,100.0,150.0,6,2,,150.0,0.0,,,,,2,100.0,150.0,7,2,,150.0,0.0,,,,,2,100.0,150.0,8,2,,150.0,0.0,,,,,2,100.0,150.0,9,2,,150.0,0.0,3,2,2,"No specific feedback, the experiment was well-structured and the instructions were clear.",2,100.0,150.0,10
5,frt8al5z,,0,80,80,ftrust,Thanks,2024-04-30 02:04:01.816307,1,,,1423.0,1423.0,,,,,,,rb8a5csa,,,,,0,0.0,ftrust,1.0,,,,,,,,,,,,,,,,,,,,,,,,,,,,,,,,,,,,,,,,,,,,,,,,,,,,,,,,,,,,,,,,,,,,,,,,,,,,,,,,,,,,,,,,,,,,,,,,,,,,,,,,,,,,,,,,,,,,,,,,,1,,125.0,0.0,,,,,3,50.0,75.0,1,1,,135.0,0.0,,,,,3,70.0,105.0,2,1,,140.0,0.0,,,,,3,80.0,120.0,3,1,,142.0,0.0,,,,,3,85.0,127.0,4,1,,145.0,0.0,,,,,3,90.0,135.0,5,1,,147.0,0.0,,,,,3,95.0,142.0,6,1,,145.0,0.0,,,,,3,90.0,135.0,7,1,,148.0,0.0,,,,,3,95.0,143.0,8,1,,148.0,0.0,,,,,3,95.0,143.0,9,1,,148.0,0.0,3,2,2,No specific feedback. The experiment was clear and the instructions were straightforward.,3,95.0,143.0,10
6,arx540go,,0,80,80,ftrust,Thanks,2024-04-30 02:04:01.640276,1,,,1267.0,1267.0,,,,,,,rb8a5csa,,,,,0,0.0,ftrust,1.0,,,,,,,,,,,,,,,,,,,,,,,,,,,,,,,,,,,,,,,,,,,,,,,,,,,,,,,,,,,,,,,,,,,,,,,,,,,,,,,,,,,,,,,,,,,,,,,,,,,,,,,,,,,,,,,,,,,,,,,,,2,,75.0,0.0,,,,,3,50.0,75.0,1,2,,105.0,0.0,,,,,3,70.0,105.0,2,2,,120.0,0.0,,,,,3,80.0,120.0,3,2,,128.0,0.0,,,,,3,85.0,127.0,4,2,,135.0,0.0,,,,,3,90.0,135.0,5,2,,143.0,0.0,,,,,3,95.0,142.0,6,2,,135.0,0.0,,,,,3,90.0,135.0,7,2,,142.0,0.0,,,,,3,95.0,143.0,8,2,,142.0,0.0,,,,,3,95.0,143.0,9,2,,142.0,0.0,3,2,1,The game provides an interesting insight into the dynamics of investment decisions and how trust and strategic sharing of wealth can impact the outcome for both parties.,3,95.0,143.0,10
7,a87qtjsj,,0,80,80,ftrust,Thanks,2024-04-30 02:04:01.465656,1,,,1425.0,1425.0,,,,,,,rb8a5csa,,,,,0,0.0,ftrust,1.0,,,,,,,,,,,,,,,,,,,,,,,,,,,,,,,,,,,,,,,,,,,,,,,,,,,,,,,,,,,,,,,,,,,,,,,,,,,,,,,,,,,,,,,,,,,,,,,,,,,,,,,,,,,,,,,,,,,,,,,,,1,,125.0,0.0,,,,,4,50.0,75.0,1,1,,130.0,0.0,,,,,4,60.0,90.0,2,1,,135.0,0.0,,,,,4,70.0,105.0,3,1,,140.0,0.0,,,,,4,80.0,120.0,4,1,,145.0,0.0,,,,,4,90.0,135.0,5,1,,150.0,0.0,,,,,4,100.0,150.0,6,1,,150.0,0.0,,,,,4,100.0,150.0,7,1,,150.0,0.0,,,,,4,100.0,150.0,8,1,,150.0,0.0,,,,,4,100.0,150.0,9,1,,150.0,0.0,3,1,2,The game provides a clear illustration of the dynamics between investors and managers with the multiplier effect playing a significant role in determining outcomes. A suggestion could be to incorporate variations in how the multiplier works or different strategies by managers to reflect a wider range of investment scenarios.,4,100.0,150.0,10
8,1t7grd82,,0,80,80,ftrust,Thanks,2024-04-30 02:04:01.631911,1,,,1275.0,1275.0,,,,,,,rb8a5csa,,,,,0,0.0,ftrust,1.0,,,,,,,,,,,,,,,,,,,,,,,,,,,,,,,,,,,,,,,,,,,,,,,,,,,,,,,,,,,,,,,,,,,,,,,,,,,,,,,,,,,,,,,,,,,,,,,,,,,,,,,,,,,,,,,,,,,,,,,,,2,,75.0,0.0,,,,,4,50.0,75.0,1,2,,90.0,0.0,,,,,4,60.0,90.0,2,2,,105.0,0.0,,,,,4,70.0,105.0,3,2,,120.0,0.0,,,,,4,80.0,120.0,4,2,,135.0,0.0,,,,,4,90.0,135.0,5,2,,150.0,0.0,,,,,4,100.0,150.0,6,2,,150.0,0.0,,,,,4,100.0,150.0,7,2,,150.0,0.0,,,,,4,100.0,150.0,8,2,,150.0,0.0,,,,,4,100.0,150.0,9,2,,150.0,0.0,3,2,1,The game provides interesting insights into trust dynamics and economic decision-making. It would be interesting to see variations with different multipliers or with more rounds to see how strategies evolve.,4,100.0,150.0,10
9,0js981c8,,0,80,80,ftrust,Thanks,2024-04-30 02:04:03.685693,1,,,1419.0,1419.0,,,,,,,rb8a5csa,,,,,0,0.0,ftrust,1.0,,,,,,,,,,,,,,,,,,,,,,,,,,,,,,,,,,,,,,,,,,,,,,,,,,,,,,,,,,,,,,,,,,,,,,,,,,,,,,,,,,,,,,,,,,,,,,,,,,,,,,,,,,,,,,,,,,,,,,,,,1,,125.0,0.0,,,,,5,50.0,75.0,1,1,,130.0,0.0,,,,,5,60.0,90.0,2,1,,135.0,0.0,,,,,5,70.0,105.0,3,1,,140.0,0.0,,,,,5,80.0,120.0,4,1,,145.0,0.0,,,,,5,90.0,135.0,5,1,,148.0,0.0,,,,,5,95.0,143.0,6,1,,148.0,0.0,,,,,5,96.0,144.0,7,1,,149.0,0.0,,,,,5,97.0,146.0,8,1,,149.0,0.0,,,,,5,98.0,147.0,9,1,,150.0,0.0,3,1,2,The experiment provided valuable insights into decision-making dynamics between investors and managers. An interesting follow-up could examine the effects of varying the multiplier.,5,99.0,149.0,10
10,rbutdjr3,,0,80,80,ftrust,Thanks,2024-04-30 02:04:01.339345,1,,,1251.0,1251.0,,,,,,,rb8a5csa,,,,,0,0.0,ftrust,1.0,,,,,,,,,,,,,,,,,,,,,,,,,,,,,,,,,,,,,,,,,,,,,,,,,,,,,,,,,,,,,,,,,,,,,,,,,,,,,,,,,,,,,,,,,,,,,,,,,,,,,,,,,,,,,,,,,,,,,,,,,2,,75.0,0.0,,,,,5,50.0,75.0,1,2,,90.0,0.0,,,,,5,60.0,90.0,2,2,,105.0,0.0,,,,,5,70.0,105.0,3,2,,120.0,0.0,,,,,5,80.0,120.0,4,2,,135.0,0.0,,,,,5,90.0,135.0,5,2,,142.0,0.0,,,,,5,95.0,143.0,6,2,,144.0,0.0,,,,,5,96.0,144.0,7,2,,145.0,0.0,,,,,5,97.0,146.0,8,2,,147.0,0.0,,,,,5,98.0,147.0,9,2,,148.0,0.0,3,2,2,No specific feedback at this moment.,5,99.0,149.0,10
